execution_id,executed_at,member_id,symbol,product,liquidity_flag,quantity
E000001,2026-07-24 11:15:00,M01,AAPL,equity,A,10000
E000002,2026-07-22 14:57:00,M01,AAPL,equity,R,50000
E000003,2026-07-02 09:05:00,M01,JPM,equity,A,50000
E000004,2026-07-01 13:12:00,M01,QQQ,etf,R,50000
E000005,2026-07-14 10:28:00,M01,QQQ,etf,R,50000
E000006,2026-07-23 12:21:00,M01,MSFT,equity,A,10000
E000007,2026-07-04 09:24:00,M01,NVDA,equity,A,10000
E000008,2026-07-09 15:02:00,M01,QQQ,etf,R,25000
E000009,2026-07-13 09:35:00,M01,AAPL,equity,A,50000
E000010,2026-07-28 11:36:00,M01,QQQ,etf,A,50000
E000011,2026-07-22 10:49:00,M01,AAPL,equity,A,10000
E000012,2026-07-28 09:24:00,M01,MSFT,equity,A,10000
E000013,2026-07-06 11:22:00,M01,NVDA,equity,A,50000
E000014,2026-07-22 14:04:00,M01,SPY,etf,R,25000
E000015,2026-07-24 10:10:00,M01,QQQ,etf,R,10000
E000016,2026-07-23 13:14:00,M01,SPY,etf,R,25000
E000017,2026-07-27 09:51:00,M01,MSFT,equity,A,10000
E000018,2026-07-07 13:56:00,M01,AAPL,equity,R,25000
E000019,2026-07-16 12:56:00,M01,SPY,etf,R,10000
E000020,2026-07-09 10:15:00,M01,MSFT,equity,R,25000
E000021,2026-07-24 13:27:00,M01,NVDA,equity,R,50000
E000022,2026-07-08 10:32:00,M01,NVDA,equity,R,25000
E000023,2026-07-05 14:10:00,M01,AAPL,equity,R,10000
E000024,2026-07-03 12:24:00,M01,QQQ,etf,R,25000
E000025,2026-07-09 13:55:00,M01,QQQ,etf,R,25000
E000026,2026-07-04 14:56:00,M01,SPY,etf,R,50000
E000027,2026-07-11 09:18:00,M01,SPY,etf,R,25000
E000028,2026-07-24 14:16:00,M01,AAPL,equity,R,25000
E000029,2026-07-04 15:40:00,M01,QQQ,etf,A,10000
E000030,2026-07-20 10:09:00,M01,QQQ,etf,A,50000
E000031,2026-07-25 13:58:00,M01,QQQ,etf,A,10000
E000032,2026-07-01 09:59:00,M01,JPM,equity,A,25000
E000033,2026-07-02 10:56:00,M01,MSFT,equity,R,25000
E000034,2026-07-24 12:52:00,M01,AAPL,equity,A,10000
E000035,2026-07-05 14:30:00,M01,MSFT,equity,R,50000
E000036,2026-07-17 15:38:00,M01,NVDA,equity,R,10000
E000037,2026-07-25 14:44:00,M01,QQQ,etf,A,10000
E000038,2026-07-22 14:23:00,M01,JPM,equity,R,25000
E000039,2026-07-04 10:14:00,M01,JPM,equity,A,50000
E000040,2026-07-18 10:37:00,M01,QQQ,etf,A,10000
E000041,2026-07-21 09:14:00,M01,SPY,etf,A,10000
E000042,2026-07-03 13:15:00,M01,NVDA,equity,A,10000
E000043,2026-07-18 10:46:00,M01,MSFT,equity,R,25000
E000044,2026-07-16 10:50:00,M01,QQQ,etf,R,50000
E000045,2026-07-04 09:42:00,M01,MSFT,equity,R,25000
E000046,2026-07-15 15:46:00,M01,JPM,equity,A,25000
E000047,2026-07-04 09:25:00,M01,SPY,etf,R,50000
E000048,2026-07-07 10:34:00,M01,MSFT,equity,R,10000
E000049,2026-07-09 12:15:00,M01,MSFT,equity,R,25000
E000050,2026-07-26 15:54:00,M01,JPM,equity,R,10000
E000051,2026-07-18 15:00:00,M01,SPY,etf,R,10000
E000052,2026-07-14 12:30:00,M01,MSFT,equity,A,10000
E000053,2026-07-06 12:00:00,M01,AAPL,equity,R,25000
E000054,2026-07-10 12:44:00,M01,JPM,equity,R,25000
E000055,2026-07-23 12:09:00,M01,SPY,etf,A,50000
E000056,2026-07-19 14:34:00,M01,AAPL,equity,A,10000
E000057,2026-07-02 13:30:00,M01,AAPL,equity,R,25000
E000058,2026-07-02 13:05:00,M01,MSFT,equity,R,50000
E000059,2026-07-03 14:55:00,M01,QQQ,etf,A,10000
E000060,2026-07-08 13:38:00,M01,QQQ,etf,A,10000
E000061,2026-07-22 13:36:00,M01,JPM,equity,R,10000
E000062,2026-07-22 14:20:00,M01,MSFT,equity,A,25000
E000063,2026-07-22 14:19:00,M01,MSFT,equity,R,25000
E000064,2026-07-15 13:36:00,M01,AAPL,equity,R,10000
E000065,2026-07-07 13:16:00,M01,QQQ,etf,A,10000
E000066,2026-07-08 11:18:00,M01,AAPL,equity,A,25000
E000067,2026-07-10 13:51:00,M01,SPY,etf,R,50000
E000068,2026-07-27 13:19:00,M01,SPY,etf,R,10000
E000069,2026-07-09 09:56:00,M01,MSFT,equity,A,10000
E000070,2026-07-09 11:38:00,M01,MSFT,equity,A,50000
E000071,2026-07-22 14:54:00,M01,MSFT,equity,A,25000
E000072,2026-07-28 09:05:00,M01,NVDA,equity,R,25000
E000073,2026-07-01 11:49:00,M01,AAPL,equity,A,25000
E000074,2026-07-24 12:35:00,M01,MSFT,equity,R,25000
E000075,2026-07-04 09:56:00,M01,AAPL,equity,R,50000
E000076,2026-07-02 15:23:00,M01,QQQ,etf,R,10000
E000077,2026-07-05 09:19:00,M01,JPM,equity,A,10000
E000078,2026-07-07 14:15:00,M01,NVDA,equity,R,10000
E000079,2026-07-28 12:39:00,M01,QQQ,etf,R,25000
E000080,2026-07-26 15:11:00,M01,MSFT,equity,R,10000
E000081,2026-07-24 11:50:00,M01,MSFT,equity,R,10000
E000082,2026-07-26 10:17:00,M01,SPY,etf,A,50000
E000083,2026-07-13 15:02:00,M01,AAPL,equity,R,50000
E000084,2026-07-27 12:22:00,M01,MSFT,equity,A,10000
E000085,2026-07-01 14:12:00,M01,MSFT,equity,A,10000
E000086,2026-07-25 11:22:00,M01,AAPL,equity,R,25000
E000087,2026-07-27 13:21:00,M01,SPY,etf,R,25000
E000088,2026-07-06 13:16:00,M01,NVDA,equity,A,10000
E000089,2026-07-12 14:50:00,M01,JPM,equity,A,50000
E000090,2026-07-04 12:57:00,M01,QQQ,etf,R,50000
E000091,2026-07-23 12:00:00,M01,AAPL,equity,R,25000
E000092,2026-07-24 14:47:00,M01,SPY,etf,R,50000
E000093,2026-07-03 14:58:00,M01,JPM,equity,A,25000
E000094,2026-07-28 09:46:00,M01,SPY,etf,R,25000
E000095,2026-07-22 12:20:00,M01,NVDA,equity,R,50000
E000096,2026-07-05 10:26:00,M01,QQQ,etf,R,25000
E000097,2026-07-24 10:39:00,M01,SPY,etf,R,25000
E000098,2026-07-27 09:19:00,M01,QQQ,etf,A,25000
E000099,2026-07-20 14:20:00,M01,QQQ,etf,R,25000
E000100,2026-07-07 13:30:00,M01,SPY,etf,R,25000
E000101,2026-07-22 09:18:00,M01,MSFT,equity,R,50000
E000102,2026-07-11 09:52:00,M01,QQQ,etf,R,50000
E000103,2026-07-10 10:51:00,M01,SPY,etf,A,10000
E000104,2026-07-08 12:39:00,M01,AAPL,equity,R,10000
E000105,2026-07-14 14:36:00,M01,JPM,equity,A,10000
E000106,2026-07-16 12:15:00,M01,JPM,equity,A,50000
E000107,2026-07-25 15:49:00,M01,AAPL,equity,R,50000
E000108,2026-07-06 15:44:00,M01,MSFT,equity,R,25000
E000109,2026-07-08 15:07:00,M01,QQQ,etf,R,10000
E000110,2026-07-17 13:38:00,M01,SPY,etf,A,25000
E000111,2026-07-27 14:57:00,M01,QQQ,etf,R,25000
E000112,2026-07-06 14:55:00,M01,JPM,equity,R,50000
E000113,2026-07-27 14:17:00,M01,MSFT,equity,R,25000
E000114,2026-07-21 10:17:00,M01,JPM,equity,R,50000
E000115,2026-07-08 11:21:00,M01,NVDA,equity,A,50000
E000116,2026-07-05 10:14:00,M01,AAPL,equity,A,50000
E000117,2026-07-07 09:26:00,M01,SPY,etf,R,10000
E000118,2026-07-14 09:13:00,M01,JPM,equity,R,50000
E000119,2026-07-23 09:54:00,M01,QQQ,etf,R,25000
E000120,2026-07-16 09:22:00,M01,JPM,equity,A,50000
E000121,2026-07-18 14:47:00,M01,JPM,equity,R,25000
E000122,2026-07-16 10:17:00,M01,MSFT,equity,R,50000
E000123,2026-07-11 14:43:00,M01,JPM,equity,R,10000
E000124,2026-07-27 12:58:00,M01,MSFT,equity,A,50000
E000125,2026-07-01 12:37:00,M01,QQQ,etf,R,50000
E000126,2026-07-21 12:08:00,M01,AAPL,equity,R,10000
E000127,2026-07-09 12:20:00,M01,AAPL,equity,A,10000
E000128,2026-07-25 12:17:00,M01,NVDA,equity,R,25000
E000129,2026-07-27 09:30:00,M01,NVDA,equity,A,25000
E000130,2026-07-12 10:41:00,M01,AAPL,equity,A,50000
E000131,2026-07-25 09:15:00,M01,AAPL,equity,A,50000
E000132,2026-07-05 10:08:00,M01,QQQ,etf,R,10000
E000133,2026-07-07 12:44:00,M01,QQQ,etf,A,10000
E000134,2026-07-20 13:47:00,M01,MSFT,equity,R,25000
E000135,2026-07-04 13:01:00,M01,NVDA,equity,R,10000
E000136,2026-07-13 12:45:00,M01,SPY,etf,A,50000
E000137,2026-07-27 14:15:00,M01,SPY,etf,A,50000
E000138,2026-07-20 15:07:00,M01,SPY,etf,R,25000
E000139,2026-07-12 13:27:00,M01,AAPL,equity,R,50000
E000140,2026-07-21 11:00:00,M01,QQQ,etf,R,10000
E000141,2026-07-14 11:40:00,M01,AAPL,equity,R,25000
E000142,2026-07-05 12:11:00,M01,SPY,etf,R,25000
E000143,2026-07-20 15:58:00,M01,NVDA,equity,R,50000
E000144,2026-07-14 15:46:00,M01,JPM,equity,R,25000
E000145,2026-07-27 09:17:00,M01,MSFT,equity,R,25000
E000146,2026-07-19 13:42:00,M01,JPM,equity,A,10000
E000147,2026-07-28 11:11:00,M01,JPM,equity,R,10000
E000148,2026-07-11 11:56:00,M01,NVDA,equity,R,25000
E000149,2026-07-01 13:12:00,M01,QQQ,etf,A,25000
E000150,2026-07-16 13:48:00,M01,JPM,equity,A,50000
E000151,2026-07-23 12:28:00,M01,SPY,etf,R,25000
E000152,2026-07-08 12:44:00,M01,NVDA,equity,A,10000
E000153,2026-07-12 12:35:00,M01,QQQ,etf,R,50000
E000154,2026-07-18 11:22:00,M01,SPY,etf,R,25000
E000155,2026-07-09 10:07:00,M01,NVDA,equity,R,25000
E000156,2026-07-24 13:48:00,M01,AAPL,equity,R,25000
E000157,2026-07-24 12:17:00,M01,MSFT,equity,R,10000
E000158,2026-07-10 09:53:00,M01,QQQ,etf,A,50000
E000159,2026-07-06 11:00:00,M01,NVDA,equity,R,10000
E000160,2026-07-02 09:35:00,M01,NVDA,equity,A,10000
E000161,2026-07-28 15:31:00,M01,SPY,etf,A,10000
E000162,2026-07-10 12:30:00,M01,QQQ,etf,R,10000
E000163,2026-07-09 15:30:00,M01,AAPL,equity,A,10000
E000164,2026-07-16 09:36:00,M01,JPM,equity,R,10000
E000165,2026-07-05 15:36:00,M01,MSFT,equity,R,10000
E000166,2026-07-04 13:48:00,M01,MSFT,equity,R,10000
E000167,2026-07-08 15:33:00,M01,QQQ,etf,A,50000
E000168,2026-07-28 13:27:00,M01,NVDA,equity,A,25000
E000169,2026-07-20 14:06:00,M01,AAPL,equity,R,50000
E000170,2026-07-07 11:42:00,M01,SPY,etf,A,10000
E000171,2026-07-18 09:10:00,M01,MSFT,equity,A,10000
E000172,2026-07-20 12:18:00,M01,SPY,etf,A,25000
E000173,2026-07-10 14:55:00,M01,SPY,etf,R,25000
E000174,2026-07-09 15:50:00,M01,MSFT,equity,R,50000
E000175,2026-07-14 09:34:00,M01,MSFT,equity,A,50000
E000176,2026-07-27 10:04:00,M01,NVDA,equity,A,10000
E000177,2026-07-24 15:36:00,M01,QQQ,etf,R,25000
E000178,2026-07-15 14:19:00,M01,AAPL,equity,R,25000
E000179,2026-07-18 12:28:00,M01,QQQ,etf,A,25000
E000180,2026-07-24 11:38:00,M01,JPM,equity,A,10000
E000181,2026-07-22 15:55:00,M01,MSFT,equity,R,10000
E000182,2026-07-27 11:36:00,M01,SPY,etf,A,10000
E000183,2026-07-17 14:28:00,M01,JPM,equity,R,10000
E000184,2026-07-14 14:52:00,M01,QQQ,etf,R,10000
E000185,2026-07-12 12:21:00,M01,JPM,equity,A,10000
E000186,2026-07-11 12:44:00,M01,MSFT,equity,R,10000
E000187,2026-07-27 15:35:00,M01,JPM,equity,A,50000
E000188,2026-07-09 11:07:00,M01,NVDA,equity,R,10000
E000189,2026-07-27 09:42:00,M01,QQQ,etf,R,25000
E000190,2026-07-02 10:33:00,M01,JPM,equity,A,25000
E000191,2026-07-15 15:03:00,M01,SPY,etf,A,25000
E000192,2026-07-10 12:56:00,M01,MSFT,equity,R,50000
E000193,2026-07-21 13:51:00,M01,AAPL,equity,A,10000
E000194,2026-07-18 09:35:00,M01,NVDA,equity,R,10000
E000195,2026-07-15 09:41:00,M01,AAPL,equity,R,10000
E000196,2026-07-10 13:45:00,M01,SPY,etf,A,25000
E000197,2026-07-08 12:35:00,M01,JPM,equity,A,25000
E000198,2026-07-17 14:56:00,M01,QQQ,etf,A,10000
E000199,2026-07-25 15:54:00,M01,NVDA,equity,R,10000
E000200,2026-07-27 09:18:00,M01,NVDA,equity,R,50000
E000201,2026-07-22 12:55:00,M01,QQQ,etf,A,50000
E000202,2026-07-12 11:35:00,M01,JPM,equity,R,50000
E000203,2026-07-11 15:12:00,M01,JPM,equity,R,25000
E000204,2026-07-13 10:54:00,M01,QQQ,etf,R,10000
E000205,2026-07-24 12:45:00,M01,NVDA,equity,R,10000
E000206,2026-07-22 15:52:00,M01,JPM,equity,R,25000
E000207,2026-07-02 10:32:00,M01,JPM,equity,R,10000
E000208,2026-07-28 15:28:00,M01,AAPL,equity,A,25000
E000209,2026-07-24 10:26:00,M01,AAPL,equity,R,25000
E000210,2026-07-16 15:16:00,M01,AAPL,equity,A,10000
E000211,2026-07-21 09:54:00,M01,JPM,equity,A,50000
E000212,2026-07-13 11:40:00,M01,QQQ,etf,R,50000
E000213,2026-07-02 13:04:00,M01,QQQ,etf,A,25000
E000214,2026-07-08 14:05:00,M01,NVDA,equity,R,50000
E000215,2026-07-23 15:06:00,M01,SPY,etf,R,10000
E000216,2026-07-01 09:20:00,M01,NVDA,equity,R,50000
E000217,2026-07-12 12:09:00,M01,NVDA,equity,A,25000
E000218,2026-07-22 15:11:00,M01,QQQ,etf,A,25000
E000219,2026-07-28 12:39:00,M01,QQQ,etf,R,10000
E000220,2026-07-05 10:29:00,M01,QQQ,etf,R,25000
E000221,2026-07-22 09:57:00,M01,NVDA,equity,R,25000
E000222,2026-07-18 10:04:00,M01,SPY,etf,R,25000
E000223,2026-07-10 14:27:00,M01,QQQ,etf,R,25000
E000224,2026-07-07 12:54:00,M01,NVDA,equity,R,25000
E000225,2026-07-19 11:36:00,M01,JPM,equity,A,10000
E000226,2026-07-01 15:42:00,M01,NVDA,equity,A,50000
E000227,2026-07-28 14:49:00,M01,QQQ,etf,R,10000
E000228,2026-07-24 12:53:00,M01,QQQ,etf,R,10000
E000229,2026-07-20 15:22:00,M01,MSFT,equity,A,25000
E000230,2026-07-09 14:48:00,M01,QQQ,etf,R,10000
E000231,2026-07-27 10:40:00,M01,SPY,etf,A,50000
E000232,2026-07-02 11:50:00,M01,SPY,etf,R,50000
E000233,2026-07-24 10:05:00,M01,NVDA,equity,R,50000
E000234,2026-07-14 10:12:00,M01,SPY,etf,A,25000
E000235,2026-07-17 13:58:00,M01,NVDA,equity,A,50000
E000236,2026-07-27 12:51:00,M01,NVDA,equity,A,10000
E000237,2026-07-15 09:09:00,M01,AAPL,equity,R,25000
E000238,2026-07-24 14:25:00,M01,SPY,etf,R,10000
E000239,2026-07-03 15:25:00,M01,NVDA,equity,A,50000
E000240,2026-07-15 11:43:00,M01,AAPL,equity,R,50000
E000241,2026-07-13 15:40:00,M01,QQQ,etf,R,25000
E000242,2026-07-08 12:01:00,M01,SPY,etf,R,10000
E000243,2026-07-20 10:41:00,M01,NVDA,equity,A,50000
E000244,2026-07-10 14:26:00,M01,SPY,etf,A,25000
E000245,2026-07-10 12:07:00,M01,AAPL,equity,A,10000
E000246,2026-07-13 12:23:00,M01,MSFT,equity,R,40000
E000247,2026-07-24 14:09:00,M01,JPM,option,R,310
E000248,2026-07-16 13:26:00,M01,AAPL,option,R,436
E000249,2026-07-23 11:13:00,M01,NVDA,option,R,26
E000250,2026-07-12 09:43:00,M01,MSFT,option,A,447
E000251,2026-07-13 11:12:00,M01,NVDA,option,R,41
E000252,2026-07-22 10:41:00,M01,JPM,option,R,56
E000253,2026-07-26 11:15:00,M01,AAPL,option,R,35
E000254,2026-07-27 15:35:00,M01,MSFT,option,A,45
E000255,2026-07-28 10:21:00,M01,MSFT,option,R,426
E000256,2026-07-28 10:08:00,M01,AAPL,option,R,151
E000257,2026-07-22 15:01:00,M01,MSFT,option,A,66
E000258,2026-07-26 10:37:00,M01,NVDA,option,A,414
E000259,2026-07-02 10:47:00,M01,MSFT,option,R,145
E000260,2026-07-16 12:49:00,M02,AAPL,equity,A,50000
E000261,2026-07-15 13:14:00,M02,AAPL,equity,R,50000
E000262,2026-07-26 15:42:00,M02,SPY,etf,R,10000
E000263,2026-07-01 09:30:00,M02,SPY,etf,R,25000
E000264,2026-07-04 12:45:00,M02,SPY,etf,R,25000
E000265,2026-07-11 13:09:00,M02,AAPL,equity,A,10000
E000266,2026-07-21 13:35:00,M02,QQQ,etf,R,25000
E000267,2026-07-17 11:29:00,M02,QQQ,etf,R,25000
E000268,2026-07-26 14:07:00,M02,AAPL,equity,R,25000
E000269,2026-07-24 15:13:00,M02,QQQ,etf,R,50000
E000270,2026-07-11 15:29:00,M02,JPM,equity,A,5000
E000271,2026-07-11 14:16:00,M02,NVDA,option,A,228
E000272,2026-07-16 09:05:00,M02,MSFT,option,R,361
E000273,2026-07-04 14:47:00,M02,AAPL,option,A,231
E000274,2026-07-02 13:35:00,M02,MSFT,option,R,294
E000275,2026-07-12 15:42:00,M02,AAPL,option,R,220
E000276,2026-07-24 09:18:00,M02,JPM,option,R,454
E000277,2026-07-17 10:09:00,M03,QQQ,etf,R,10000
E000278,2026-07-12 15:35:00,M03,AAPL,equity,A,10000
E000279,2026-07-08 15:27:00,M03,QQQ,etf,R,25000
E000280,2026-07-22 14:35:00,M03,QQQ,etf,A,50000
E000281,2026-07-09 09:11:00,M03,SPY,etf,A,50000
E000282,2026-07-12 09:11:00,M03,NVDA,equity,R,25000
E000283,2026-07-13 09:09:00,M03,SPY,etf,R,50000
E000284,2026-07-24 13:13:00,M03,AAPL,equity,A,10000
E000285,2026-07-06 11:19:00,M03,NVDA,equity,R,25000
E000286,2026-07-03 09:09:00,M03,QQQ,etf,A,50000
E000287,2026-07-22 09:17:00,M03,AAPL,equity,R,50000
E000288,2026-07-20 12:26:00,M03,JPM,equity,A,25000
E000289,2026-07-12 12:07:00,M03,AAPL,equity,A,50000
E000290,2026-07-16 13:42:00,M03,QQQ,etf,A,50000
E000291,2026-07-20 09:00:00,M03,JPM,equity,A,10000
E000292,2026-07-25 11:18:00,M03,MSFT,equity,A,10000
E000293,2026-07-24 12:11:00,M03,JPM,equity,A,10000
E000294,2026-07-08 13:35:00,M03,SPY,etf,R,50000
E000295,2026-07-13 15:47:00,M03,AAPL,equity,A,25000
E000296,2026-07-03 15:20:00,M03,JPM,equity,R,10000
E000297,2026-07-23 14:26:00,M03,JPM,equity,A,50000
E000298,2026-07-11 10:51:00,M03,AAPL,equity,R,25000
E000299,2026-07-12 09:27:00,M03,SPY,etf,R,25000
E000300,2026-07-19 12:33:00,M03,JPM,equity,A,10000
E000301,2026-07-11 10:21:00,M03,SPY,etf,R,25000
E000302,2026-07-21 09:33:00,M03,QQQ,etf,R,10000
E000303,2026-07-24 15:41:00,M03,NVDA,equity,R,25000
E000304,2026-07-05 11:12:00,M03,AAPL,equity,A,10000
E000305,2026-07-03 10:49:00,M03,SPY,etf,R,10000
E000306,2026-07-25 13:28:00,M03,QQQ,etf,R,25000
E000307,2026-07-21 13:20:00,M03,SPY,etf,R,50000
E000308,2026-07-05 12:04:00,M03,NVDA,equity,R,50000
E000309,2026-07-26 11:37:00,M03,NVDA,equity,A,50000
E000310,2026-07-10 12:28:00,M03,AAPL,equity,A,50000
E000311,2026-07-03 14:55:00,M03,NVDA,equity,R,25000
E000312,2026-07-20 13:24:00,M03,QQQ,etf,R,10000
E000313,2026-07-02 12:58:00,M03,SPY,etf,R,50000
E000314,2026-07-11 13:30:00,M03,MSFT,equity,R,50000
E000315,2026-07-04 15:57:00,M03,JPM,equity,R,10000
E000316,2026-07-17 14:11:00,M03,AAPL,equity,A,50000
E000317,2026-07-15 13:33:00,M03,JPM,equity,R,50000
E000318,2026-07-10 12:26:00,M03,NVDA,equity,R,25000
E000319,2026-07-02 15:40:00,M03,QQQ,etf,R,50000
E000320,2026-07-04 13:43:00,M03,NVDA,equity,A,10000
E000321,2026-07-28 14:58:00,M03,SPY,etf,R,25000
E000322,2026-07-03 13:42:00,M03,NVDA,equity,A,10000
E000323,2026-07-21 14:42:00,M03,NVDA,equity,A,25000
E000324,2026-07-03 11:35:00,M03,SPY,etf,A,50000
E000325,2026-07-22 14:53:00,M03,MSFT,equity,R,25000
E000326,2026-07-03 14:42:00,M03,QQQ,etf,R,50000
E000327,2026-07-12 11:11:00,M03,AAPL,equity,R,25000
E000328,2026-07-07 10:08:00,M03,JPM,equity,A,25000
E000329,2026-07-17 15:34:00,M03,AAPL,equity,R,25000
E000330,2026-07-22 11:56:00,M03,AAPL,equity,R,50000
E000331,2026-07-13 10:10:00,M03,QQQ,etf,A,10000
E000332,2026-07-26 10:46:00,M03,QQQ,etf,R,50000
E000333,2026-07-22 14:15:00,M03,NVDA,equity,R,25000
E000334,2026-07-25 14:50:00,M03,NVDA,equity,R,50000
E000335,2026-07-10 15:50:00,M03,MSFT,equity,R,50000
E000336,2026-07-22 13:28:00,M03,NVDA,equity,R,10000
E000337,2026-07-17 13:26:00,M03,JPM,equity,R,25000
E000338,2026-07-05 15:16:00,M03,QQQ,etf,A,10000
E000339,2026-07-18 09:45:00,M03,NVDA,equity,R,25000
E000340,2026-07-03 15:10:00,M03,NVDA,equity,A,10000
E000341,2026-07-27 12:05:00,M03,MSFT,equity,R,50000
E000342,2026-07-12 09:26:00,M03,JPM,equity,A,10000
E000343,2026-07-08 12:05:00,M03,NVDA,equity,A,50000
E000344,2026-07-04 15:45:00,M03,NVDA,equity,R,10000
E000345,2026-07-02 11:58:00,M03,MSFT,equity,R,10000
E000346,2026-07-25 14:30:00,M03,MSFT,equity,R,50000
E000347,2026-07-01 11:13:00,M03,AAPL,equity,R,10000
E000348,2026-07-20 13:27:00,M03,SPY,etf,A,50000
E000349,2026-07-10 09:03:00,M03,MSFT,equity,A,25000
E000350,2026-07-15 09:07:00,M03,QQQ,etf,R,50000
E000351,2026-07-18 09:40:00,M03,QQQ,etf,R,25000
E000352,2026-07-05 11:27:00,M03,SPY,etf,A,10000
E000353,2026-07-19 12:11:00,M03,MSFT,equity,R,25000
E000354,2026-07-12 09:33:00,M03,QQQ,etf,R,10000
E000355,2026-07-01 12:55:00,M03,QQQ,etf,R,50000
E000356,2026-07-12 11:47:00,M03,JPM,equity,A,50000
E000357,2026-07-08 14:42:00,M03,NVDA,equity,R,10000
E000358,2026-07-25 11:08:00,M03,SPY,etf,A,50000
E000359,2026-07-27 14:11:00,M03,NVDA,equity,R,50000
E000360,2026-07-23 12:40:00,M03,JPM,equity,A,50000
E000361,2026-07-23 15:29:00,M03,AAPL,equity,A,10000
E000362,2026-07-26 10:56:00,M03,AAPL,equity,A,10000
E000363,2026-07-13 15:34:00,M03,QQQ,etf,R,25000
E000364,2026-07-07 11:22:00,M03,SPY,etf,R,10000
E000365,2026-07-11 11:07:00,M03,SPY,etf,R,10000
E000366,2026-07-24 12:57:00,M03,JPM,equity,R,25000
E000367,2026-07-16 14:31:00,M03,MSFT,equity,A,25000
E000368,2026-07-26 09:46:00,M03,NVDA,equity,R,50000
E000369,2026-07-27 10:34:00,M03,QQQ,etf,A,25000
E000370,2026-07-11 14:18:00,M03,AAPL,equity,A,10000
E000371,2026-07-14 10:44:00,M03,SPY,etf,R,50000
E000372,2026-07-24 15:58:00,M03,AAPL,equity,A,25000
E000373,2026-07-21 15:03:00,M03,NVDA,equity,A,25000
E000374,2026-07-12 13:51:00,M03,JPM,equity,R,50000
E000375,2026-07-05 15:38:00,M03,AAPL,equity,R,10000
E000376,2026-07-05 09:15:00,M03,AAPL,equity,R,25000
E000377,2026-07-13 13:02:00,M03,NVDA,equity,R,25000
E000378,2026-07-12 11:28:00,M03,JPM,equity,R,50000
E000379,2026-07-17 11:25:00,M03,MSFT,equity,A,50000
E000380,2026-07-04 09:47:00,M03,MSFT,equity,A,25000
E000381,2026-07-18 09:16:00,M03,JPM,equity,R,50000
E000382,2026-07-07 13:18:00,M03,JPM,equity,R,50000
E000383,2026-07-04 10:54:00,M03,MSFT,equity,A,25000
E000384,2026-07-15 09:51:00,M03,SPY,etf,R,10000
E000385,2026-07-12 14:04:00,M03,SPY,etf,R,25000
E000386,2026-07-28 10:45:00,M03,NVDA,equity,R,25000
E000387,2026-07-06 15:23:00,M03,SPY,etf,R,50000
E000388,2026-07-26 10:15:00,M03,MSFT,equity,R,10000
E000389,2026-07-18 13:23:00,M03,NVDA,equity,R,10000
E000390,2026-07-20 09:04:00,M03,MSFT,equity,A,50000
E000391,2026-07-16 13:26:00,M03,SPY,etf,R,50000
E000392,2026-07-05 11:41:00,M03,AAPL,equity,A,50000
E000393,2026-07-17 11:08:00,M03,SPY,etf,R,25000
E000394,2026-07-19 10:49:00,M03,SPY,etf,R,50000
E000395,2026-07-28 09:53:00,M03,QQQ,etf,A,25000
E000396,2026-07-06 10:20:00,M03,NVDA,equity,R,10000
E000397,2026-07-17 11:54:00,M03,NVDA,equity,A,10000
E000398,2026-07-18 11:08:00,M03,SPY,etf,R,10000
E000399,2026-07-03 13:41:00,M03,QQQ,etf,A,50000
E000400,2026-07-06 14:39:00,M03,MSFT,equity,R,50000
E000401,2026-07-27 13:02:00,M03,NVDA,equity,R,50000
E000402,2026-07-02 14:49:00,M03,AAPL,equity,R,10000
E000403,2026-07-25 13:26:00,M03,MSFT,equity,R,50000
E000404,2026-07-21 13:18:00,M03,JPM,equity,R,10000
E000405,2026-07-08 15:51:00,M03,JPM,equity,R,25000
E000406,2026-07-03 14:03:00,M03,JPM,equity,A,25000
E000407,2026-07-15 10:21:00,M03,JPM,equity,R,25000
E000408,2026-07-11 14:55:00,M03,SPY,etf,A,25000
E000409,2026-07-25 11:32:00,M03,MSFT,equity,R,25000
E000410,2026-07-15 09:17:00,M03,MSFT,equity,R,25000
E000411,2026-07-02 11:24:00,M03,AAPL,equity,R,10000
E000412,2026-07-28 10:52:00,M03,MSFT,equity,A,25000
E000413,2026-07-11 10:48:00,M03,SPY,etf,A,50000
E000414,2026-07-16 11:31:00,M03,JPM,equity,A,50000
E000415,2026-07-15 10:13:00,M03,QQQ,etf,R,25000
E000416,2026-07-10 12:38:00,M03,AAPL,equity,R,10000
E000417,2026-07-16 11:34:00,M03,SPY,etf,A,50000
E000418,2026-07-05 11:46:00,M03,JPM,equity,A,10000
E000419,2026-07-02 12:03:00,M03,NVDA,equity,R,25000
E000420,2026-07-18 11:04:00,M03,NVDA,equity,A,10000
E000421,2026-07-09 15:39:00,M03,QQQ,etf,R,25000
E000422,2026-07-04 12:23:00,M03,MSFT,equity,R,10000
E000423,2026-07-12 15:09:00,M03,QQQ,etf,A,25000
E000424,2026-07-17 09:02:00,M03,JPM,equity,A,50000
E000425,2026-07-26 12:33:00,M03,NVDA,equity,R,50000
E000426,2026-07-05 11:59:00,M03,QQQ,etf,R,50000
E000427,2026-07-20 14:53:00,M03,JPM,equity,A,10000
E000428,2026-07-27 13:34:00,M03,QQQ,etf,R,25000
E000429,2026-07-16 15:01:00,M03,NVDA,equity,A,50000
E000430,2026-07-14 13:19:00,M03,AAPL,equity,R,50000
E000431,2026-07-21 09:38:00,M03,SPY,etf,R,50000
E000432,2026-07-19 10:46:00,M03,QQQ,etf,A,50000
E000433,2026-07-17 14:46:00,M03,MSFT,equity,R,25000
E000434,2026-07-27 14:15:00,M03,MSFT,equity,A,25000
E000435,2026-07-07 09:28:00,M03,AAPL,equity,A,50000
E000436,2026-07-23 10:26:00,M03,JPM,equity,R,10000
E000437,2026-07-28 15:47:00,M03,JPM,equity,R,50000
E000438,2026-07-17 10:35:00,M03,MSFT,equity,A,50000
E000439,2026-07-17 12:20:00,M03,JPM,equity,R,50000
E000440,2026-07-11 13:22:00,M03,QQQ,etf,R,25000
E000441,2026-07-21 15:44:00,M03,SPY,etf,A,5000
E000442,2026-07-08 11:35:00,M03,MSFT,option,A,500
E000443,2026-07-10 14:13:00,M03,NVDA,option,R,404
E000444,2026-07-16 11:35:00,M03,JPM,option,R,172
E000445,2026-07-04 13:43:00,M03,NVDA,option,R,157
E000446,2026-07-12 15:51:00,M03,JPM,option,A,429
E000447,2026-07-23 09:22:00,M03,AAPL,option,R,157
E000448,2026-07-16 10:12:00,M03,NVDA,option,R,392
E000449,2026-07-18 14:17:00,M03,NVDA,option,A,487
E000450,2026-07-02 14:57:00,M03,MSFT,option,R,134
E000451,2026-07-04 12:21:00,M03,MSFT,option,R,36
E000452,2026-07-25 10:00:00,M03,AAPL,option,R,358
E000453,2026-07-21 12:30:00,M03,MSFT,option,R,218
E000454,2026-07-21 09:58:00,M04,NVDA,equity,R,25000
E000455,2026-07-08 13:47:00,M04,QQQ,etf,R,50000
E000456,2026-07-14 15:11:00,M04,MSFT,equity,R,10000
E000457,2026-07-26 12:11:00,M04,JPM,equity,R,10000
E000458,2026-07-01 11:36:00,M04,AAPL,equity,R,25000
E000459,2026-07-15 14:34:00,M04,NVDA,equity,R,25000
E000460,2026-07-15 11:12:00,M04,QQQ,etf,R,10000
E000461,2026-07-24 12:41:00,M04,MSFT,equity,A,25000
E000462,2026-07-24 11:50:00,M04,AAPL,equity,A,10000
E000463,2026-07-06 13:54:00,M04,MSFT,equity,R,50000
E000464,2026-07-17 11:05:00,M04,JPM,equity,R,25000
E000465,2026-07-05 12:20:00,M04,MSFT,equity,R,10000
E000466,2026-07-13 10:28:00,M04,NVDA,equity,R,10000
E000467,2026-07-19 14:36:00,M04,NVDA,equity,A,25000
E000468,2026-07-23 10:03:00,M04,NVDA,equity,R,50000
E000469,2026-07-06 12:43:00,M04,NVDA,equity,R,25000
E000470,2026-07-23 09:40:00,M04,NVDA,equity,R,50000
E000471,2026-07-20 10:14:00,M04,NVDA,equity,R,25000
E000472,2026-07-15 14:38:00,M04,MSFT,equity,A,25000
E000473,2026-07-16 15:34:00,M04,QQQ,etf,R,50000
E000474,2026-07-22 15:38:00,M04,MSFT,equity,R,10000
E000475,2026-07-15 13:45:00,M04,QQQ,etf,A,10000
E000476,2026-07-02 15:35:00,M04,AAPL,equity,R,50000
E000477,2026-07-18 10:10:00,M04,QQQ,etf,A,10000
E000478,2026-07-04 14:13:00,M04,JPM,equity,R,50000
E000479,2026-07-17 12:51:00,M04,AAPL,equity,A,25000
E000480,2026-07-14 12:36:00,M04,QQQ,etf,A,10000
E000481,2026-07-26 11:46:00,M04,SPY,etf,A,25000
E000482,2026-07-24 10:37:00,M04,AAPL,equity,A,25000
E000483,2026-07-23 09:34:00,M04,NVDA,equity,R,25000
E000484,2026-07-02 11:26:00,M04,JPM,equity,A,10000
E000485,2026-07-24 14:26:00,M04,SPY,etf,A,10000
E000486,2026-07-28 12:24:00,M04,JPM,equity,A,25000
E000487,2026-07-05 14:55:00,M04,QQQ,etf,A,50000
E000488,2026-07-13 13:08:00,M04,QQQ,etf,R,10000
E000489,2026-07-25 09:19:00,M04,AAPL,equity,R,10000
E000490,2026-07-14 13:24:00,M04,QQQ,etf,R,50000
E000491,2026-07-12 10:17:00,M04,JPM,equity,A,10000
E000492,2026-07-02 15:42:00,M04,AAPL,equity,R,50000
E000493,2026-07-07 09:06:00,M04,MSFT,equity,R,10000
E000494,2026-07-22 14:55:00,M04,QQQ,etf,A,25000
E000495,2026-07-13 12:14:00,M04,AAPL,equity,R,50000
E000496,2026-07-17 11:14:00,M04,MSFT,equity,R,10000
E000497,2026-07-11 13:38:00,M04,QQQ,etf,R,50000
E000498,2026-07-10 10:42:00,M04,MSFT,equity,R,25000
E000499,2026-07-09 09:35:00,M04,NVDA,equity,R,25000
E000500,2026-07-21 14:27:00,M04,MSFT,equity,R,50000
E000501,2026-07-21 14:24:00,M04,NVDA,equity,R,10000
E000502,2026-07-14 12:09:00,M04,SPY,etf,A,25000
E000503,2026-07-16 10:54:00,M04,QQQ,etf,A,10000
E000504,2026-07-26 12:58:00,M04,MSFT,equity,A,50000
E000505,2026-07-18 13:08:00,M04,JPM,equity,A,25000
E000506,2026-07-11 14:05:00,M04,MSFT,equity,R,25000
E000507,2026-07-18 14:53:00,M04,AAPL,equity,A,25000
E000508,2026-07-22 13:38:00,M04,JPM,equity,A,25000
E000509,2026-07-26 15:37:00,M04,MSFT,equity,R,10000
E000510,2026-07-16 10:55:00,M04,MSFT,equity,R,50000
E000511,2026-07-07 10:47:00,M04,AAPL,equity,A,25000
E000512,2026-07-23 13:45:00,M04,MSFT,equity,A,25000
E000513,2026-07-11 15:18:00,M04,QQQ,etf,A,10000
E000514,2026-07-12 11:16:00,M04,SPY,etf,A,50000
E000515,2026-07-04 15:46:00,M04,JPM,equity,R,25000
E000516,2026-07-12 11:26:00,M04,MSFT,equity,A,25000
E000517,2026-07-05 09:16:00,M04,SPY,etf,R,10000
E000518,2026-07-24 12:18:00,M04,QQQ,etf,A,50000
E000519,2026-07-13 13:53:00,M04,MSFT,equity,A,25000
E000520,2026-07-22 11:16:00,M04,SPY,etf,R,50000
E000521,2026-07-21 14:31:00,M04,SPY,etf,R,5000
E000522,2026-07-24 13:31:00,M04,MSFT,option,A,81
E000523,2026-07-02 15:54:00,M04,AAPL,option,A,278
E000524,2026-07-01 12:08:00,M04,AAPL,option,R,401
E000525,2026-07-23 10:00:00,M04,MSFT,option,A,44
E000526,2026-07-02 13:40:00,M04,JPM,option,R,201
E000527,2026-07-16 09:00:00,M04,JPM,option,R,347
E000528,2026-07-01 13:46:00,M04,JPM,option,A,16
E000529,2026-07-17 15:44:00,M04,NVDA,option,R,18
E000530,2026-07-04 13:09:00,M04,MSFT,option,A,64
E000531,2026-07-12 11:50:00,M04,NVDA,option,A,427
E000532,2026-07-19 10:44:00,M05,JPM,equity,A,25000
E000533,2026-07-21 15:41:00,M05,AAPL,equity,R,50000
E000534,2026-07-13 12:35:00,M05,JPM,equity,R,10000
E000535,2026-07-23 10:05:00,M05,AAPL,equity,R,50000
E000536,2026-07-26 11:36:00,M05,SPY,etf,R,25000
E000537,2026-07-02 10:13:00,M05,QQQ,etf,R,10000
E000538,2026-07-16 11:02:00,M05,QQQ,etf,R,50000
E000539,2026-07-18 13:42:00,M05,NVDA,equity,A,50000
E000540,2026-07-07 13:09:00,M05,AAPL,equity,R,25000
E000541,2026-07-03 11:10:00,M05,JPM,equity,R,50000
E000542,2026-07-22 13:21:00,M05,JPM,equity,A,50000
E000543,2026-07-26 14:46:00,M05,MSFT,equity,A,50000
E000544,2026-07-02 09:27:00,M05,NVDA,equity,A,50000
E000545,2026-07-20 15:39:00,M05,NVDA,equity,R,10000
E000546,2026-07-01 14:17:00,M05,NVDA,equity,R,25000
E000547,2026-07-08 11:35:00,M05,JPM,equity,R,25000
E000548,2026-07-22 13:42:00,M05,MSFT,equity,A,25000
E000549,2026-07-26 10:45:00,M05,NVDA,equity,A,50000
E000550,2026-07-13 14:50:00,M05,MSFT,equity,R,25000
E000551,2026-07-11 11:06:00,M05,JPM,equity,A,50000
E000552,2026-07-12 15:17:00,M05,JPM,equity,A,25000
E000553,2026-07-14 12:35:00,M05,MSFT,equity,R,10000
E000554,2026-07-01 09:22:00,M05,AAPL,equity,R,25000
E000555,2026-07-26 11:55:00,M05,QQQ,etf,A,50000
E000556,2026-07-13 15:05:00,M05,JPM,equity,R,25000
E000557,2026-07-19 13:10:00,M05,MSFT,equity,R,50000
E000558,2026-07-09 11:17:00,M05,MSFT,equity,R,10000
E000559,2026-07-14 11:26:00,M05,MSFT,equity,A,10000
E000560,2026-07-09 10:46:00,M05,NVDA,equity,R,10000
E000561,2026-07-07 12:06:00,M05,QQQ,etf,A,50000
E000562,2026-07-11 15:39:00,M05,JPM,equity,A,10000
E000563,2026-07-11 12:52:00,M05,JPM,equity,R,25000
E000564,2026-07-05 11:20:00,M05,QQQ,etf,R,50000
E000565,2026-07-16 11:11:00,M05,MSFT,equity,R,50000
E000566,2026-07-24 14:40:00,M05,NVDA,equity,R,25000
E000567,2026-07-11 12:17:00,M05,MSFT,equity,R,50000
E000568,2026-07-04 13:12:00,M05,NVDA,equity,R,25000
E000569,2026-07-22 15:35:00,M05,MSFT,equity,A,50000
E000570,2026-07-23 10:28:00,M05,JPM,equity,R,50000
E000571,2026-07-27 15:50:00,M05,AAPL,equity,R,50000
E000572,2026-07-05 14:19:00,M05,JPM,equity,A,50000
E000573,2026-07-23 12:50:00,M05,MSFT,equity,A,50000
E000574,2026-07-16 13:25:00,M05,QQQ,etf,R,25000
E000575,2026-07-18 09:50:00,M05,JPM,equity,R,50000
E000576,2026-07-20 14:58:00,M05,QQQ,etf,A,50000
E000577,2026-07-22 11:10:00,M05,SPY,etf,R,10000
E000578,2026-07-21 14:41:00,M05,QQQ,etf,A,10000
E000579,2026-07-04 09:06:00,M05,JPM,equity,A,25000
E000580,2026-07-17 13:37:00,M05,SPY,etf,R,50000
E000581,2026-07-12 12:29:00,M05,JPM,equity,R,10000
E000582,2026-07-17 10:22:00,M05,SPY,etf,R,50000
E000583,2026-07-10 12:58:00,M05,AAPL,equity,R,25000
E000584,2026-07-05 11:19:00,M05,SPY,etf,A,10000
E000585,2026-07-16 11:30:00,M05,QQQ,etf,A,10000
E000586,2026-07-15 11:04:00,M05,SPY,etf,A,20000
E000587,2026-07-11 14:06:00,M05,AAPL,option,R,444
E000588,2026-07-24 10:33:00,M05,MSFT,option,A,486
E000589,2026-07-18 12:29:00,M05,MSFT,option,A,179
E000590,2026-07-06 10:40:00,M05,JPM,option,R,332
E000591,2026-07-24 13:56:00,M05,JPM,option,A,24
E000592,2026-07-01 14:13:00,M05,JPM,option,A,209
E000593,2026-07-04 15:55:00,M06,QQQ,etf,R,10000
E000594,2026-07-07 12:07:00,M06,NVDA,equity,A,25000
E000595,2026-07-21 11:38:00,M06,QQQ,etf,A,25000
E000596,2026-07-04 11:22:00,M06,QQQ,etf,R,25000
E000597,2026-07-27 14:45:00,M06,MSFT,equity,R,50000
E000598,2026-07-03 14:08:00,M06,QQQ,etf,A,50000
E000599,2026-07-04 10:23:00,M06,NVDA,equity,R,10000
E000600,2026-07-14 13:08:00,M06,JPM,equity,R,50000
E000601,2026-07-16 14:34:00,M06,MSFT,equity,R,25000
E000602,2026-07-18 10:31:00,M06,MSFT,equity,A,50000
E000603,2026-07-27 12:39:00,M06,NVDA,equity,A,10000
E000604,2026-07-16 10:12:00,M06,AAPL,equity,R,25000
E000605,2026-07-21 12:26:00,M06,QQQ,etf,R,50000
E000606,2026-07-27 12:31:00,M06,SPY,etf,A,25000
E000607,2026-07-26 15:14:00,M06,AAPL,equity,A,50000
E000608,2026-07-18 11:10:00,M06,MSFT,equity,R,25000
E000609,2026-07-25 15:31:00,M06,SPY,etf,R,50000
E000610,2026-07-04 11:49:00,M06,QQQ,etf,R,10000
E000611,2026-07-27 15:02:00,M06,QQQ,etf,R,25000
E000612,2026-07-07 12:06:00,M06,QQQ,etf,R,25000
E000613,2026-07-10 15:02:00,M06,MSFT,equity,R,50000
E000614,2026-07-15 15:07:00,M06,AAPL,equity,R,25000
E000615,2026-07-26 14:37:00,M06,MSFT,equity,R,10000
E000616,2026-07-21 12:10:00,M06,QQQ,etf,R,50000
E000617,2026-07-26 09:36:00,M06,MSFT,equity,A,10000
E000618,2026-07-18 10:20:00,M06,QQQ,etf,R,25000
E000619,2026-07-19 11:54:00,M06,NVDA,equity,R,25000
E000620,2026-07-05 15:50:00,M06,AAPL,equity,R,50000
E000621,2026-07-28 14:08:00,M06,NVDA,equity,R,10000
E000622,2026-07-05 14:20:00,M06,MSFT,equity,R,10000
E000623,2026-07-16 10:36:00,M06,JPM,equity,R,50000
E000624,2026-07-13 12:04:00,M06,JPM,equity,R,50000
E000625,2026-07-17 14:17:00,M06,JPM,equity,R,10000
E000626,2026-07-16 11:37:00,M06,JPM,equity,A,25000
E000627,2026-07-24 12:40:00,M06,AAPL,equity,R,50000
E000628,2026-07-26 13:25:00,M06,AAPL,equity,A,25000
E000629,2026-07-16 11:20:00,M06,MSFT,equity,R,25000
E000630,2026-07-19 10:36:00,M06,QQQ,etf,R,25000
E000631,2026-07-25 09:02:00,M06,SPY,etf,A,25000
E000632,2026-07-04 15:10:00,M06,AAPL,equity,R,25000
E000633,2026-07-07 14:58:00,M06,JPM,equity,A,10000
E000634,2026-07-06 15:59:00,M06,NVDA,equity,R,50000
E000635,2026-07-12 11:05:00,M06,SPY,etf,A,10000
E000636,2026-07-02 12:40:00,M06,MSFT,equity,A,50000
E000637,2026-07-14 14:05:00,M06,MSFT,equity,R,50000
E000638,2026-07-16 09:08:00,M06,MSFT,equity,R,10000
E000639,2026-07-15 09:00:00,M06,SPY,etf,R,50000
E000640,2026-07-23 10:30:00,M06,JPM,equity,A,10000
E000641,2026-07-24 15:06:00,M06,AAPL,equity,A,25000
E000642,2026-07-05 12:49:00,M06,NVDA,equity,R,25000
E000643,2026-07-22 10:04:00,M06,SPY,etf,R,10000
E000644,2026-07-21 10:28:00,M06,QQQ,etf,A,10000
E000645,2026-07-24 10:58:00,M06,SPY,etf,R,10000
E000646,2026-07-28 10:05:00,M06,JPM,equity,R,50000
E000647,2026-07-19 14:24:00,M06,AAPL,equity,A,10000
E000648,2026-07-26 10:15:00,M06,NVDA,equity,A,25000
E000649,2026-07-18 13:38:00,M06,MSFT,equity,R,10000
E000650,2026-07-01 15:54:00,M06,SPY,etf,R,25000
E000651,2026-07-17 13:32:00,M06,MSFT,equity,A,25000
E000652,2026-07-21 09:50:00,M06,NVDA,equity,R,25000
E000653,2026-07-13 09:15:00,M06,JPM,equity,R,10000
E000654,2026-07-17 09:23:00,M06,AAPL,equity,R,50000
E000655,2026-07-28 15:36:00,M06,JPM,equity,R,10000
E000656,2026-07-06 15:30:00,M06,SPY,etf,R,50000
E000657,2026-07-19 09:00:00,M06,AAPL,equity,A,10000
E000658,2026-07-26 12:32:00,M06,AAPL,equity,A,10000
E000659,2026-07-25 12:27:00,M06,QQQ,etf,R,50000
E000660,2026-07-18 13:39:00,M06,SPY,etf,A,10000
E000661,2026-07-03 13:58:00,M06,NVDA,equity,A,10000
E000662,2026-07-11 12:37:00,M06,QQQ,etf,R,10000
E000663,2026-07-21 09:19:00,M06,SPY,etf,R,50000
E000664,2026-07-02 10:05:00,M06,MSFT,equity,R,50000
E000665,2026-07-20 13:03:00,M06,JPM,equity,A,10000
E000666,2026-07-24 10:07:00,M06,SPY,etf,A,50000
E000667,2026-07-01 10:31:00,M06,SPY,etf,R,10000
E000668,2026-07-26 15:46:00,M06,QQQ,etf,A,50000
E000669,2026-07-24 15:55:00,M06,MSFT,equity,A,25000
E000670,2026-07-11 15:27:00,M06,AAPL,equity,A,10000
E000671,2026-07-23 13:40:00,M06,NVDA,equity,A,10000
E000672,2026-07-12 09:31:00,M06,QQQ,etf,R,25000
E000673,2026-07-06 11:49:00,M06,NVDA,equity,A,10000
E000674,2026-07-24 09:14:00,M06,SPY,etf,R,50000
E000675,2026-07-28 15:00:00,M06,AAPL,equity,A,10000
E000676,2026-07-13 10:11:00,M06,NVDA,equity,R,25000
E000677,2026-07-26 14:47:00,M06,QQQ,etf,R,10000
E000678,2026-07-08 12:58:00,M06,NVDA,equity,R,10000
E000679,2026-07-19 11:07:00,M06,AAPL,equity,R,25000
E000680,2026-07-08 15:33:00,M06,MSFT,equity,R,10000
E000681,2026-07-15 15:18:00,M06,AAPL,equity,R,25000
E000682,2026-07-03 13:29:00,M06,NVDA,equity,A,25000
E000683,2026-07-19 15:19:00,M06,NVDA,equity,R,10000
E000684,2026-07-12 13:31:00,M06,JPM,equity,R,10000
E000685,2026-07-18 15:50:00,M06,SPY,etf,A,10000
E000686,2026-07-01 10:34:00,M06,JPM,equity,A,10000
E000687,2026-07-11 09:48:00,M06,AAPL,equity,R,50000
E000688,2026-07-10 09:13:00,M06,SPY,etf,R,50000
E000689,2026-07-16 09:09:00,M06,JPM,equity,R,10000
E000690,2026-07-08 15:33:00,M06,AAPL,equity,R,10000
E000691,2026-07-24 09:37:00,M06,JPM,equity,A,25000
E000692,2026-07-27 12:04:00,M06,SPY,etf,R,10000
E000693,2026-07-22 10:15:00,M06,JPM,equity,A,10000
E000694,2026-07-23 15:47:00,M06,JPM,equity,A,25000
E000695,2026-07-08 09:12:00,M06,NVDA,equity,A,25000
E000696,2026-07-05 09:10:00,M06,AAPL,equity,R,50000
E000697,2026-07-04 13:22:00,M06,JPM,equity,R,25000
E000698,2026-07-10 12:16:00,M06,JPM,equity,R,10000
E000699,2026-07-26 14:19:00,M06,MSFT,equity,R,10000
E000700,2026-07-02 10:53:00,M06,QQQ,etf,R,50000
E000701,2026-07-23 10:22:00,M06,AAPL,equity,A,10000
E000702,2026-07-10 11:52:00,M06,SPY,etf,R,10000
E000703,2026-07-28 12:35:00,M06,JPM,equity,R,10000
E000704,2026-07-15 09:51:00,M06,AAPL,equity,R,10000
E000705,2026-07-02 15:49:00,M06,AAPL,equity,R,10000
E000706,2026-07-27 12:23:00,M06,MSFT,equity,R,10000
E000707,2026-07-19 13:16:00,M06,AAPL,equity,R,50000
E000708,2026-07-03 10:57:00,M06,AAPL,equity,R,10000
E000709,2026-07-28 15:51:00,M06,AAPL,equity,A,10000
E000710,2026-07-02 10:59:00,M06,JPM,equity,R,10000
E000711,2026-07-16 09:24:00,M06,JPM,equity,R,50000
E000712,2026-07-07 10:17:00,M06,NVDA,equity,A,10000
E000713,2026-07-20 13:39:00,M06,AAPL,equity,A,10000
E000714,2026-07-14 13:30:00,M06,JPM,equity,A,25000
E000715,2026-07-05 12:12:00,M06,JPM,equity,R,25000
E000716,2026-07-21 15:34:00,M06,MSFT,equity,R,50000
E000717,2026-07-12 12:34:00,M06,SPY,etf,R,25000
E000718,2026-07-17 11:24:00,M06,QQQ,etf,A,25000
E000719,2026-07-20 10:01:00,M06,NVDA,equity,R,10000
E000720,2026-07-26 12:33:00,M06,AAPL,equity,A,25000
E000721,2026-07-06 09:15:00,M06,MSFT,equity,R,50000
E000722,2026-07-27 15:58:00,M06,QQQ,etf,R,25000
E000723,2026-07-28 15:24:00,M06,QQQ,etf,A,10000
E000724,2026-07-08 13:20:00,M06,MSFT,equity,R,10000
E000725,2026-07-19 09:45:00,M06,NVDA,equity,R,50000
E000726,2026-07-05 13:12:00,M06,QQQ,etf,R,50000
E000727,2026-07-10 10:31:00,M06,QQQ,etf,A,25000
E000728,2026-07-20 10:01:00,M06,MSFT,equity,R,10000
E000729,2026-07-20 10:51:00,M06,NVDA,equity,A,10000
E000730,2026-07-26 15:55:00,M06,MSFT,equity,A,50000
E000731,2026-07-19 14:58:00,M06,MSFT,equity,A,10000
E000732,2026-07-28 11:04:00,M06,QQQ,etf,A,10000
E000733,2026-07-19 09:21:00,M06,JPM,equity,A,50000
E000734,2026-07-24 12:50:00,M06,MSFT,equity,R,10000
E000735,2026-07-11 10:45:00,M06,SPY,etf,R,25000
E000736,2026-07-26 11:14:00,M06,QQQ,etf,R,50000
E000737,2026-07-10 14:44:00,M06,JPM,equity,A,10000
E000738,2026-07-01 14:36:00,M06,SPY,etf,A,10000
E000739,2026-07-06 13:20:00,M06,AAPL,equity,R,50000
E000740,2026-07-21 13:06:00,M06,MSFT,equity,R,50000
E000741,2026-07-24 09:15:00,M06,NVDA,equity,A,10000
E000742,2026-07-21 09:52:00,M06,MSFT,equity,R,25000
E000743,2026-07-11 12:00:00,M06,SPY,etf,A,50000
E000744,2026-07-03 11:16:00,M06,SPY,etf,R,10000
E000745,2026-07-02 12:28:00,M06,AAPL,equity,R,50000
E000746,2026-07-16 12:22:00,M06,JPM,equity,R,10000
E000747,2026-07-26 15:36:00,M06,JPM,equity,R,10000
E000748,2026-07-06 12:04:00,M06,MSFT,equity,R,50000
E000749,2026-07-01 11:16:00,M06,NVDA,equity,R,10000
E000750,2026-07-06 12:10:00,M06,NVDA,equity,R,10000
E000751,2026-07-11 13:39:00,M06,AAPL,equity,R,50000
E000752,2026-07-14 14:10:00,M06,AAPL,equity,R,50000
E000753,2026-07-02 09:21:00,M06,MSFT,equity,A,25000
E000754,2026-07-23 13:46:00,M06,JPM,equity,R,10000
E000755,2026-07-22 11:19:00,M06,NVDA,equity,A,50000
E000756,2026-07-19 13:53:00,M06,JPM,equity,R,10000
E000757,2026-07-01 12:05:00,M06,NVDA,equity,A,10000
E000758,2026-07-20 12:12:00,M06,SPY,etf,A,50000
E000759,2026-07-21 11:05:00,M06,MSFT,equity,R,10000
E000760,2026-07-26 12:30:00,M06,NVDA,equity,R,10000
E000761,2026-07-03 14:34:00,M06,NVDA,equity,A,50000
E000762,2026-07-12 10:28:00,M06,JPM,equity,A,25000
E000763,2026-07-09 10:53:00,M06,JPM,equity,A,25000
E000764,2026-07-25 14:42:00,M06,MSFT,equity,A,10000
E000765,2026-07-26 13:26:00,M06,NVDA,equity,R,50000
E000766,2026-07-18 09:53:00,M06,MSFT,equity,A,50000
E000767,2026-07-18 14:55:00,M06,JPM,equity,R,50000
E000768,2026-07-16 11:05:00,M06,MSFT,equity,A,50000
E000769,2026-07-17 13:57:00,M06,AAPL,equity,R,50000
E000770,2026-07-20 10:07:00,M06,SPY,etf,R,50000
E000771,2026-07-06 10:51:00,M06,MSFT,equity,A,25000
E000772,2026-07-03 14:27:00,M06,JPM,equity,A,10000
E000773,2026-07-27 13:16:00,M06,MSFT,equity,A,50000
E000774,2026-07-03 12:35:00,M06,AAPL,equity,A,50000
E000775,2026-07-17 12:58:00,M06,NVDA,equity,R,25000
E000776,2026-07-19 13:50:00,M06,QQQ,etf,R,50000
E000777,2026-07-05 13:37:00,M06,MSFT,equity,R,25000
E000778,2026-07-19 15:06:00,M06,AAPL,equity,R,10000
E000779,2026-07-14 11:24:00,M06,NVDA,equity,R,50000
E000780,2026-07-16 09:11:00,M06,QQQ,etf,A,50000
E000781,2026-07-20 14:44:00,M06,QQQ,etf,R,10000
E000782,2026-07-23 10:03:00,M06,NVDA,equity,R,25000
E000783,2026-07-01 11:52:00,M06,NVDA,equity,R,25000
E000784,2026-07-27 12:54:00,M06,NVDA,equity,R,25000
E000785,2026-07-05 11:47:00,M06,MSFT,equity,R,10000
E000786,2026-07-24 12:38:00,M06,NVDA,equity,R,25000
E000787,2026-07-07 15:26:00,M06,JPM,equity,R,10000
E000788,2026-07-27 09:32:00,M06,NVDA,equity,R,50000
E000789,2026-07-23 13:25:00,M06,NVDA,equity,A,10000
E000790,2026-07-01 10:12:00,M06,QQQ,etf,R,50000
E000791,2026-07-08 09:29:00,M06,AAPL,equity,A,10000
E000792,2026-07-07 11:23:00,M06,SPY,etf,R,25000
E000793,2026-07-21 09:43:00,M06,JPM,equity,A,50000
E000794,2026-07-20 12:11:00,M06,JPM,equity,R,25000
E000795,2026-07-18 11:22:00,M06,QQQ,etf,A,25000
E000796,2026-07-27 14:05:00,M06,SPY,etf,A,25000
E000797,2026-07-06 15:36:00,M06,AAPL,equity,R,25000
E000798,2026-07-21 10:43:00,M06,MSFT,equity,A,10000
E000799,2026-07-17 09:55:00,M06,JPM,equity,R,50000
E000800,2026-07-16 10:41:00,M06,AAPL,equity,A,50000
E000801,2026-07-09 13:51:00,M06,MSFT,equity,R,10000
E000802,2026-07-21 11:27:00,M06,SPY,etf,R,50000
E000803,2026-07-09 10:29:00,M06,JPM,equity,A,25000
E000804,2026-07-13 13:06:00,M06,QQQ,etf,A,50000
E000805,2026-07-18 14:38:00,M06,NVDA,equity,R,50000
E000806,2026-07-04 12:04:00,M06,SPY,etf,A,25000
E000807,2026-07-11 15:17:00,M06,SPY,etf,A,25000
E000808,2026-07-10 10:09:00,M06,SPY,etf,R,50000
E000809,2026-07-26 15:51:00,M06,AAPL,equity,R,10000
E000810,2026-07-11 14:08:00,M06,SPY,etf,R,25000
E000811,2026-07-10 11:58:00,M06,JPM,equity,R,50000
E000812,2026-07-02 13:45:00,M06,SPY,etf,R,25000
E000813,2026-07-24 14:14:00,M06,NVDA,equity,R,10000
E000814,2026-07-22 11:32:00,M06,JPM,equity,A,50000
E000815,2026-07-18 10:18:00,M06,SPY,etf,A,10000
E000816,2026-07-09 14:51:00,M06,SPY,etf,R,10000
E000817,2026-07-11 14:05:00,M06,SPY,etf,A,10000
E000818,2026-07-28 11:26:00,M06,SPY,etf,R,10000
E000819,2026-07-09 13:18:00,M06,NVDA,equity,R,25000
E000820,2026-07-02 15:40:00,M06,JPM,equity,R,10000
E000821,2026-07-16 10:32:00,M06,AAPL,equity,A,50000
E000822,2026-07-17 11:26:00,M06,JPM,equity,A,50000
E000823,2026-07-07 11:26:00,M06,MSFT,equity,R,10000
E000824,2026-07-11 15:45:00,M06,MSFT,equity,A,25000
E000825,2026-07-11 14:11:00,M06,JPM,equity,A,10000
E000826,2026-07-15 11:13:00,M06,AAPL,equity,R,10000
E000827,2026-07-25 10:31:00,M06,QQQ,etf,R,10000
E000828,2026-07-20 12:40:00,M06,MSFT,equity,R,10000
E000829,2026-07-13 09:02:00,M06,JPM,equity,R,25000
E000830,2026-07-01 11:48:00,M06,NVDA,equity,R,50000
E000831,2026-07-22 09:40:00,M06,AAPL,equity,R,10000
E000832,2026-07-12 11:08:00,M06,SPY,etf,A,10000
E000833,2026-07-10 10:04:00,M06,QQQ,etf,R,50000
E000834,2026-07-15 14:33:00,M06,NVDA,equity,R,25000
E000835,2026-07-22 10:21:00,M06,JPM,equity,R,25000
E000836,2026-07-25 10:10:00,M06,NVDA,equity,R,25000
E000837,2026-07-08 10:46:00,M06,AAPL,equity,R,25000
E000838,2026-07-17 10:07:00,M06,AAPL,option,A,311
E000839,2026-07-21 11:49:00,M06,AAPL,option,R,202
E000840,2026-07-02 14:06:00,M06,AAPL,option,R,314
E000841,2026-07-23 09:26:00,M06,AAPL,option,R,34
E000842,2026-07-09 12:44:00,M06,AAPL,option,A,290
E000843,2026-07-14 14:06:00,M06,AAPL,option,R,164
E000844,2026-07-20 14:08:00,M06,NVDA,option,R,328
E000845,2026-07-24 13:07:00,M06,AAPL,option,A,271
E000846,2026-07-20 10:49:00,M07,MSFT,equity,A,25000
E000847,2026-07-12 14:26:00,M07,MSFT,equity,A,50000
E000848,2026-07-16 10:44:00,M07,QQQ,etf,R,10000
E000849,2026-07-01 09:42:00,M07,MSFT,equity,A,25000
E000850,2026-07-22 12:09:00,M07,QQQ,etf,R,10000
E000851,2026-07-24 14:06:00,M07,AAPL,equity,R,50000
E000852,2026-07-15 11:16:00,M07,MSFT,equity,R,50000
E000853,2026-07-28 09:54:00,M07,MSFT,equity,A,10000
E000854,2026-07-14 14:07:00,M07,NVDA,equity,A,50000
E000855,2026-07-28 10:42:00,M07,AAPL,equity,R,10000
E000856,2026-07-15 13:17:00,M07,NVDA,equity,R,10000
E000857,2026-07-11 10:07:00,M07,NVDA,option,R,427
E000858,2026-07-27 12:44:00,M07,JPM,option,R,149
E000859,2026-07-26 10:07:00,M07,JPM,option,A,342
E000860,2026-07-28 10:06:00,M07,AAPL,option,R,492
E000861,2026-07-19 14:28:00,M07,JPM,option,A,420
E000862,2026-07-12 13:01:00,M07,JPM,option,R,408
E000863,2026-07-16 09:56:00,M08,JPM,equity,R,10000
E000864,2026-07-09 14:20:00,M08,AAPL,equity,A,10000
E000865,2026-07-25 14:36:00,M08,QQQ,etf,R,50000
E000866,2026-07-28 11:33:00,M08,SPY,etf,R,10000
E000867,2026-07-04 12:42:00,M08,QQQ,etf,R,50000
E000868,2026-07-22 14:41:00,M08,NVDA,equity,A,25000
E000869,2026-07-02 09:41:00,M08,QQQ,etf,R,50000
E000870,2026-07-28 12:55:00,M08,JPM,equity,A,50000
E000871,2026-07-08 11:17:00,M08,NVDA,equity,A,25000
E000872,2026-07-21 12:25:00,M08,QQQ,etf,R,10000
E000873,2026-07-15 15:36:00,M08,JPM,equity,R,10000
E000874,2026-07-11 09:31:00,M08,JPM,equity,R,25000
E000875,2026-07-13 12:02:00,M08,AAPL,equity,R,10000
E000876,2026-07-26 13:39:00,M08,AAPL,equity,R,10000
E000877,2026-07-07 14:42:00,M08,QQQ,etf,R,50000
E000878,2026-07-27 09:52:00,M08,NVDA,equity,A,25000
E000879,2026-07-18 15:39:00,M08,NVDA,equity,R,25000
E000880,2026-07-12 14:28:00,M08,SPY,etf,A,50000
E000881,2026-07-01 11:22:00,M08,MSFT,equity,R,50000
E000882,2026-07-17 11:44:00,M08,QQQ,etf,A,25000
E000883,2026-07-05 15:45:00,M08,JPM,equity,R,10000
E000884,2026-07-09 13:12:00,M08,AAPL,equity,A,25000
E000885,2026-07-15 15:50:00,M08,MSFT,equity,A,25000
E000886,2026-07-25 12:02:00,M08,AAPL,equity,R,25000
E000887,2026-07-04 15:57:00,M08,QQQ,etf,R,50000
E000888,2026-07-17 10:31:00,M08,QQQ,etf,A,50000
E000889,2026-07-18 12:53:00,M08,AAPL,equity,R,50000
E000890,2026-07-23 13:11:00,M08,MSFT,equity,R,50000
E000891,2026-07-13 14:38:00,M08,AAPL,equity,R,10000
E000892,2026-07-13 12:38:00,M08,QQQ,etf,R,25000
E000893,2026-07-13 11:18:00,M08,NVDA,equity,R,10000
E000894,2026-07-14 13:44:00,M08,MSFT,equity,R,10000
E000895,2026-07-27 14:35:00,M08,NVDA,equity,R,50000
E000896,2026-07-18 14:13:00,M08,SPY,etf,A,50000
E000897,2026-07-10 14:22:00,M08,SPY,etf,R,50000
E000898,2026-07-21 10:32:00,M08,SPY,etf,R,10000
E000899,2026-07-23 09:48:00,M08,NVDA,equity,A,50000
E000900,2026-07-19 14:45:00,M08,QQQ,etf,R,25000
E000901,2026-07-10 15:27:00,M08,QQQ,etf,R,50000
E000902,2026-07-01 12:09:00,M08,AAPL,equity,A,50000
E000903,2026-07-09 15:50:00,M08,MSFT,equity,A,10000
E000904,2026-07-09 10:53:00,M08,SPY,etf,A,25000
E000905,2026-07-25 13:02:00,M08,MSFT,equity,A,25000
E000906,2026-07-20 15:43:00,M08,AAPL,equity,R,25000
E000907,2026-07-21 13:24:00,M08,SPY,etf,A,10000
E000908,2026-07-23 14:03:00,M08,NVDA,equity,R,50000
E000909,2026-07-26 14:20:00,M08,JPM,equity,R,25000
E000910,2026-07-24 11:12:00,M08,AAPL,equity,R,10000
E000911,2026-07-21 14:45:00,M08,MSFT,equity,R,25000
E000912,2026-07-24 13:12:00,M08,QQQ,etf,R,50000
E000913,2026-07-15 10:43:00,M08,NVDA,equity,A,10000
E000914,2026-07-17 09:24:00,M08,SPY,etf,A,10000
E000915,2026-07-09 10:10:00,M08,QQQ,etf,R,25000
E000916,2026-07-11 12:45:00,M08,AAPL,equity,R,25000
E000917,2026-07-11 13:03:00,M08,MSFT,equity,R,10000
E000918,2026-07-27 14:19:00,M08,QQQ,etf,R,50000
E000919,2026-07-12 09:50:00,M08,QQQ,etf,R,50000
E000920,2026-07-06 13:04:00,M08,MSFT,equity,R,50000
E000921,2026-07-18 13:25:00,M08,JPM,equity,A,10000
E000922,2026-07-22 11:21:00,M08,MSFT,equity,A,10000
E000923,2026-07-17 12:35:00,M08,QQQ,etf,R,10000
E000924,2026-07-04 14:22:00,M08,AAPL,equity,R,50000
E000925,2026-07-20 10:02:00,M08,QQQ,etf,R,50000
E000926,2026-07-26 09:24:00,M08,JPM,equity,A,25000
E000927,2026-07-01 13:52:00,M08,NVDA,equity,R,50000
E000928,2026-07-15 12:02:00,M08,QQQ,etf,A,50000
E000929,2026-07-11 13:05:00,M08,MSFT,equity,R,50000
E000930,2026-07-18 09:40:00,M08,QQQ,etf,A,10000
E000931,2026-07-25 10:55:00,M08,SPY,etf,R,50000
E000932,2026-07-18 15:44:00,M08,MSFT,equity,R,10000
E000933,2026-07-21 15:04:00,M08,JPM,equity,R,50000
E000934,2026-07-15 14:21:00,M08,AAPL,equity,A,10000
E000935,2026-07-06 15:16:00,M08,AAPL,equity,R,10000
E000936,2026-07-09 12:24:00,M08,MSFT,equity,R,50000
E000937,2026-07-11 09:24:00,M08,JPM,equity,R,25000
E000938,2026-07-21 14:39:00,M08,AAPL,equity,A,50000
E000939,2026-07-02 14:54:00,M08,QQQ,etf,A,50000
E000940,2026-07-10 15:43:00,M08,AAPL,equity,A,50000
E000941,2026-07-25 12:24:00,M08,NVDA,equity,A,10000
E000942,2026-07-16 10:34:00,M08,AAPL,equity,A,50000
E000943,2026-07-26 15:54:00,M08,JPM,equity,R,50000
E000944,2026-07-10 14:56:00,M08,MSFT,equity,R,50000
E000945,2026-07-12 09:35:00,M08,SPY,etf,R,50000
E000946,2026-07-02 09:36:00,M08,AAPL,equity,R,10000
E000947,2026-07-03 11:13:00,M08,QQQ,etf,R,50000
E000948,2026-07-07 12:57:00,M08,NVDA,equity,R,50000
E000949,2026-07-06 10:14:00,M08,MSFT,equity,R,50000
E000950,2026-07-04 10:42:00,M08,MSFT,equity,R,25000
E000951,2026-07-15 14:35:00,M08,QQQ,etf,A,10000
E000952,2026-07-09 09:12:00,M08,AAPL,equity,R,50000
E000953,2026-07-12 10:42:00,M08,NVDA,equity,R,25000
E000954,2026-07-20 09:57:00,M08,NVDA,equity,A,10000
E000955,2026-07-11 13:42:00,M08,JPM,equity,A,25000
E000956,2026-07-19 13:23:00,M08,MSFT,equity,R,50000
E000957,2026-07-01 11:15:00,M08,MSFT,equity,R,25000
E000958,2026-07-21 12:17:00,M08,SPY,etf,R,50000
E000959,2026-07-24 11:56:00,M08,SPY,etf,R,10000
E000960,2026-07-25 11:31:00,M08,NVDA,equity,R,25000
E000961,2026-07-20 09:53:00,M08,SPY,etf,A,10000
E000962,2026-07-07 11:46:00,M08,QQQ,etf,R,10000
E000963,2026-07-03 09:54:00,M08,SPY,etf,R,10000
E000964,2026-07-19 12:49:00,M08,QQQ,etf,R,10000
E000965,2026-07-09 13:57:00,M08,QQQ,etf,R,10000
E000966,2026-07-25 10:23:00,M08,SPY,etf,A,25000
E000967,2026-07-28 11:08:00,M08,SPY,etf,R,50000
E000968,2026-07-13 11:32:00,M08,AAPL,equity,A,50000
E000969,2026-07-22 10:48:00,M08,QQQ,etf,R,10000
E000970,2026-07-06 13:36:00,M08,MSFT,equity,R,25000
E000971,2026-07-24 12:22:00,M08,SPY,etf,A,10000
E000972,2026-07-03 11:23:00,M08,MSFT,equity,A,25000
E000973,2026-07-17 15:23:00,M08,MSFT,equity,A,50000
E000974,2026-07-02 14:20:00,M08,AAPL,equity,A,25000
E000975,2026-07-27 11:53:00,M08,SPY,etf,R,50000
E000976,2026-07-19 10:24:00,M08,QQQ,etf,R,50000
E000977,2026-07-21 15:04:00,M08,QQQ,etf,R,25000
E000978,2026-07-17 12:22:00,M08,MSFT,equity,R,25000
E000979,2026-07-26 12:56:00,M08,JPM,equity,R,25000
E000980,2026-07-15 10:14:00,M08,MSFT,equity,A,50000
E000981,2026-07-07 10:11:00,M08,NVDA,equity,A,50000
E000982,2026-07-27 09:42:00,M08,SPY,etf,A,50000
E000983,2026-07-04 12:43:00,M08,SPY,etf,R,25000
E000984,2026-07-06 14:53:00,M08,QQQ,etf,R,10000
E000985,2026-07-05 13:37:00,M08,AAPL,equity,A,10000
E000986,2026-07-02 13:09:00,M08,QQQ,etf,A,50000
E000987,2026-07-17 12:38:00,M08,MSFT,equity,R,25000
E000988,2026-07-24 14:42:00,M08,AAPL,equity,R,50000
E000989,2026-07-15 13:30:00,M08,MSFT,equity,R,10000
E000990,2026-07-27 12:38:00,M08,MSFT,equity,A,10000
E000991,2026-07-20 14:32:00,M08,MSFT,equity,A,50000
E000992,2026-07-11 12:38:00,M08,SPY,etf,R,50000
E000993,2026-07-13 10:06:00,M08,JPM,equity,A,10000
E000994,2026-07-22 12:52:00,M08,QQQ,etf,A,50000
E000995,2026-07-16 13:38:00,M08,MSFT,equity,A,10000
E000996,2026-07-25 09:05:00,M08,QQQ,etf,R,50000
E000997,2026-07-18 15:00:00,M08,QQQ,etf,R,10000
E000998,2026-07-14 13:26:00,M08,SPY,etf,A,50000
E000999,2026-07-17 12:14:00,M08,SPY,etf,R,10000
E001000,2026-07-12 13:51:00,M08,JPM,equity,R,25000
E001001,2026-07-04 12:08:00,M08,QQQ,etf,A,50000
E001002,2026-07-10 13:56:00,M08,AAPL,equity,R,10000
E001003,2026-07-01 14:47:00,M08,MSFT,equity,R,25000
E001004,2026-07-04 13:00:00,M08,QQQ,etf,A,50000
E001005,2026-07-26 11:26:00,M08,SPY,etf,A,10000
E001006,2026-07-21 13:16:00,M08,JPM,equity,A,10000
E001007,2026-07-19 11:39:00,M08,JPM,equity,A,50000
E001008,2026-07-25 10:26:00,M08,JPM,equity,R,50000
E001009,2026-07-06 11:35:00,M08,JPM,equity,R,50000
E001010,2026-07-19 11:49:00,M08,NVDA,equity,R,25000
E001011,2026-07-28 15:42:00,M08,MSFT,equity,A,50000
E001012,2026-07-26 14:10:00,M08,JPM,equity,A,10000
E001013,2026-07-26 11:51:00,M08,JPM,equity,R,50000
E001014,2026-07-23 09:10:00,M08,SPY,etf,A,50000
E001015,2026-07-26 09:52:00,M08,AAPL,equity,A,50000
E001016,2026-07-03 09:16:00,M08,JPM,equity,A,50000
E001017,2026-07-02 14:24:00,M08,QQQ,etf,R,10000
E001018,2026-07-21 13:18:00,M08,QQQ,etf,R,25000
E001019,2026-07-25 15:11:00,M08,AAPL,equity,R,50000
E001020,2026-07-07 15:42:00,M08,AAPL,equity,R,25000
E001021,2026-07-07 09:50:00,M08,NVDA,equity,R,50000
E001022,2026-07-08 13:10:00,M08,SPY,etf,R,50000
E001023,2026-07-21 09:10:00,M08,MSFT,equity,A,25000
E001024,2026-07-12 14:25:00,M08,JPM,equity,R,25000
E001025,2026-07-01 14:45:00,M08,QQQ,etf,A,10000
E001026,2026-07-10 14:53:00,M08,QQQ,etf,R,10000
E001027,2026-07-12 15:17:00,M08,NVDA,equity,A,50000
E001028,2026-07-13 13:00:00,M08,JPM,equity,A,10000
E001029,2026-07-04 13:04:00,M08,QQQ,etf,R,25000
E001030,2026-07-26 13:16:00,M08,AAPL,equity,R,25000
E001031,2026-07-23 12:24:00,M08,NVDA,equity,R,50000
E001032,2026-07-25 12:43:00,M08,NVDA,equity,R,10000
E001033,2026-07-16 09:16:00,M08,AAPL,equity,A,50000
E001034,2026-07-22 14:14:00,M08,MSFT,equity,R,50000
E001035,2026-07-17 13:00:00,M08,NVDA,equity,R,25000
E001036,2026-07-10 09:25:00,M08,MSFT,equity,R,25000
E001037,2026-07-18 10:30:00,M08,AAPL,equity,A,25000
E001038,2026-07-09 10:47:00,M08,QQQ,etf,R,10000
E001039,2026-07-24 10:15:00,M08,JPM,equity,R,10000
E001040,2026-07-08 10:53:00,M08,MSFT,equity,A,25000
E001041,2026-07-05 15:06:00,M08,NVDA,equity,A,50000
E001042,2026-07-22 12:39:00,M08,SPY,etf,A,10000
E001043,2026-07-28 12:23:00,M08,AAPL,equity,R,50000
E001044,2026-07-28 11:31:00,M08,QQQ,etf,A,25000
E001045,2026-07-13 10:48:00,M08,NVDA,equity,R,50000
E001046,2026-07-26 12:30:00,M08,QQQ,etf,R,10000
E001047,2026-07-12 12:55:00,M08,QQQ,etf,R,10000
E001048,2026-07-04 14:33:00,M08,JPM,equity,R,10000
E001049,2026-07-01 14:13:00,M08,AAPL,equity,A,50000
E001050,2026-07-12 13:55:00,M08,NVDA,equity,A,10000
E001051,2026-07-08 11:30:00,M08,NVDA,equity,R,50000
E001052,2026-07-06 12:27:00,M08,NVDA,equity,A,25000
E001053,2026-07-12 15:25:00,M08,NVDA,equity,A,50000
E001054,2026-07-05 13:43:00,M08,QQQ,etf,A,10000
E001055,2026-07-09 15:15:00,M08,SPY,etf,R,10000
E001056,2026-07-05 15:47:00,M08,MSFT,equity,A,25000
E001057,2026-07-14 12:08:00,M08,MSFT,equity,R,10000
E001058,2026-07-18 14:20:00,M08,QQQ,etf,R,50000
E001059,2026-07-18 15:36:00,M08,NVDA,equity,A,25000
E001060,2026-07-06 09:13:00,M08,SPY,etf,R,10000
E001061,2026-07-04 12:47:00,M08,SPY,etf,A,25000
E001062,2026-07-18 13:59:00,M08,NVDA,equity,R,25000
E001063,2026-07-14 09:22:00,M08,AAPL,equity,R,25000
E001064,2026-07-19 13:41:00,M08,MSFT,equity,R,50000
E001065,2026-07-12 11:43:00,M08,NVDA,equity,R,10000
E001066,2026-07-03 12:39:00,M08,JPM,equity,A,50000
E001067,2026-07-28 10:40:00,M08,MSFT,equity,R,50000
E001068,2026-07-21 13:36:00,M08,JPM,equity,R,25000
E001069,2026-07-06 11:14:00,M08,AAPL,equity,A,10000
E001070,2026-07-23 11:38:00,M08,NVDA,equity,R,50000
E001071,2026-07-25 15:23:00,M08,JPM,equity,R,25000
E001072,2026-07-14 10:11:00,M08,JPM,equity,R,50000
E001073,2026-07-08 14:16:00,M08,SPY,etf,R,10000
E001074,2026-07-03 10:10:00,M08,SPY,etf,A,50000
E001075,2026-07-16 13:03:00,M08,AAPL,equity,A,10000
E001076,2026-07-25 09:06:00,M08,QQQ,etf,A,10000
E001077,2026-07-13 11:14:00,M08,AAPL,option,A,345
E001078,2026-07-21 10:08:00,M08,NVDA,option,R,236
E001079,2026-07-02 14:22:00,M08,MSFT,option,R,24
E001080,2026-07-16 12:55:00,M08,NVDA,option,R,452
E001081,2026-07-15 10:44:00,M08,NVDA,option,R,290
E001082,2026-07-24 14:56:00,M08,JPM,option,R,333
E001083,2026-07-12 12:34:00,M08,NVDA,option,A,475
E001084,2026-07-12 12:16:00,M09,NVDA,equity,A,25000
E001085,2026-07-17 15:48:00,M09,AAPL,equity,R,10000
E001086,2026-07-16 13:00:00,M09,NVDA,equity,R,25000
E001087,2026-07-10 09:49:00,M09,JPM,equity,R,25000
E001088,2026-07-08 15:00:00,M09,QQQ,etf,R,25000
E001089,2026-07-18 12:25:00,M09,JPM,equity,A,10000
E001090,2026-07-21 12:53:00,M09,SPY,etf,A,50000
E001091,2026-07-14 14:15:00,M09,AAPL,equity,R,25000
E001092,2026-07-22 11:18:00,M09,SPY,etf,R,50000
E001093,2026-07-14 10:54:00,M09,NVDA,equity,A,50000
E001094,2026-07-04 14:29:00,M09,NVDA,equity,R,5000
E001095,2026-07-11 09:09:00,M09,JPM,option,A,106
E001096,2026-07-04 11:17:00,M09,AAPL,option,A,105
E001097,2026-07-01 10:05:00,M09,JPM,option,A,382
E001098,2026-07-11 12:19:00,M09,JPM,option,R,121
E001099,2026-07-15 14:50:00,M09,JPM,option,A,200
E001100,2026-07-25 10:03:00,M09,AAPL,option,A,441
E001101,2026-07-18 12:11:00,M09,JPM,option,A,46
E001102,2026-07-13 15:00:00,M09,NVDA,option,A,428
E001103,2026-07-25 12:15:00,M09,MSFT,option,R,207
E001104,2026-07-24 15:06:00,M10,JPM,equity,R,10000
E001105,2026-07-13 14:19:00,M10,JPM,equity,R,10000
E001106,2026-07-24 09:47:00,M10,SPY,etf,R,10000
E001107,2026-07-09 12:40:00,M10,AAPL,equity,A,50000
E001108,2026-07-28 14:13:00,M10,AAPL,equity,R,25000
E001109,2026-07-14 11:00:00,M10,SPY,etf,A,10000
E001110,2026-07-04 12:50:00,M10,QQQ,etf,A,25000
E001111,2026-07-26 14:30:00,M10,QQQ,etf,R,10000
E001112,2026-07-25 09:15:00,M10,NVDA,equity,A,10000
E001113,2026-07-20 11:59:00,M10,SPY,etf,R,10000
E001114,2026-07-02 11:41:00,M10,AAPL,equity,A,50000
E001115,2026-07-05 12:14:00,M10,AAPL,equity,A,50000
E001116,2026-07-25 11:51:00,M10,SPY,etf,R,30000
E001117,2026-07-13 11:46:00,M10,AAPL,option,A,362
E001118,2026-07-23 12:35:00,M10,AAPL,option,A,258
E001119,2026-07-19 10:34:00,M10,JPM,option,A,107
E001120,2026-07-28 15:38:00,M10,JPM,option,R,150
E001121,2026-07-17 10:28:00,M10,MSFT,option,A,45
E001122,2026-07-12 12:00:00,M10,NVDA,option,R,287
E001123,2026-07-06 09:39:00,M10,JPM,option,R,385
E001124,2026-07-24 09:42:00,M10,MSFT,option,R,174
E001125,2026-07-22 12:49:00,M11,QQQ,etf,R,10000
E001126,2026-07-11 12:41:00,M11,NVDA,equity,A,50000
E001127,2026-07-22 09:02:00,M11,QQQ,etf,R,10000
E001128,2026-07-28 09:12:00,M11,MSFT,equity,A,10000
E001129,2026-07-02 13:41:00,M11,AAPL,equity,R,10000
E001130,2026-07-17 13:44:00,M11,JPM,equity,R,50000
E001131,2026-07-08 13:45:00,M11,NVDA,equity,A,10000
E001132,2026-07-16 15:05:00,M11,SPY,etf,R,10000
E001133,2026-07-12 13:47:00,M11,AAPL,equity,R,50000
E001134,2026-07-26 14:03:00,M11,NVDA,equity,R,25000
E001135,2026-07-02 14:04:00,M11,QQQ,etf,R,25000
E001136,2026-07-17 09:06:00,M11,MSFT,equity,R,10000
E001137,2026-07-07 10:33:00,M11,JPM,equity,R,50000
E001138,2026-07-06 13:47:00,M11,SPY,etf,R,50000
E001139,2026-07-25 14:36:00,M11,AAPL,equity,A,50000
E001140,2026-07-22 12:56:00,M11,SPY,etf,A,25000
E001141,2026-07-13 13:21:00,M11,QQQ,etf,R,10000
E001142,2026-07-15 11:57:00,M11,QQQ,etf,A,50000
E001143,2026-07-14 15:40:00,M11,NVDA,equity,R,25000
E001144,2026-07-20 10:36:00,M11,NVDA,equity,R,50000
E001145,2026-07-24 11:23:00,M11,QQQ,etf,R,25000
E001146,2026-07-01 14:02:00,M11,JPM,equity,R,25000
E001147,2026-07-17 10:56:00,M11,AAPL,equity,A,50000
E001148,2026-07-07 15:20:00,M11,MSFT,equity,A,25000
E001149,2026-07-18 13:35:00,M11,NVDA,equity,R,50000
E001150,2026-07-04 09:29:00,M11,MSFT,equity,A,50000
E001151,2026-07-12 13:15:00,M11,NVDA,equity,A,10000
E001152,2026-07-19 12:36:00,M11,AAPL,equity,R,25000
E001153,2026-07-24 11:50:00,M11,AAPL,equity,R,50000
E001154,2026-07-23 13:52:00,M11,SPY,etf,R,25000
E001155,2026-07-10 09:46:00,M11,SPY,etf,R,50000
E001156,2026-07-25 09:58:00,M11,AAPL,equity,R,25000
E001157,2026-07-14 15:07:00,M11,JPM,equity,R,25000
E001158,2026-07-21 15:38:00,M11,SPY,etf,R,10000
E001159,2026-07-13 09:19:00,M11,SPY,etf,R,50000
E001160,2026-07-19 10:20:00,M11,QQQ,etf,R,25000
E001161,2026-07-02 14:46:00,M11,MSFT,equity,R,10000
E001162,2026-07-19 13:05:00,M11,QQQ,etf,A,25000
E001163,2026-07-05 10:21:00,M11,JPM,equity,A,25000
E001164,2026-07-02 13:25:00,M11,SPY,etf,A,50000
E001165,2026-07-14 15:44:00,M11,QQQ,etf,A,25000
E001166,2026-07-18 10:31:00,M11,JPM,equity,A,10000
E001167,2026-07-18 13:47:00,M11,MSFT,equity,R,50000
E001168,2026-07-09 15:27:00,M11,AAPL,equity,A,10000
E001169,2026-07-04 14:26:00,M11,AAPL,equity,R,50000
E001170,2026-07-11 11:38:00,M11,MSFT,equity,R,25000
E001171,2026-07-12 13:52:00,M11,MSFT,equity,R,25000
E001172,2026-07-05 12:02:00,M11,QQQ,etf,R,25000
E001173,2026-07-22 11:09:00,M11,MSFT,equity,R,10000
E001174,2026-07-24 09:15:00,M11,AAPL,equity,R,10000
E001175,2026-07-01 11:44:00,M11,NVDA,equity,R,10000
E001176,2026-07-16 09:21:00,M11,JPM,equity,A,25000
E001177,2026-07-07 13:33:00,M11,MSFT,equity,R,50000
E001178,2026-07-20 14:09:00,M11,JPM,equity,R,50000
E001179,2026-07-13 13:57:00,M11,AAPL,equity,R,50000
E001180,2026-07-06 09:18:00,M11,NVDA,equity,A,10000
E001181,2026-07-09 09:29:00,M11,QQQ,etf,R,50000
E001182,2026-07-13 14:17:00,M11,AAPL,equity,R,10000
E001183,2026-07-28 09:01:00,M11,NVDA,equity,A,50000
E001184,2026-07-08 12:32:00,M11,JPM,equity,R,45000
E001185,2026-07-28 13:34:00,M11,NVDA,option,A,258
E001186,2026-07-15 13:59:00,M11,MSFT,option,R,266
E001187,2026-07-17 11:21:00,M11,AAPL,option,R,136
E001188,2026-07-12 14:22:00,M11,MSFT,option,A,19
E001189,2026-07-17 11:51:00,M11,NVDA,option,A,130
E001190,2026-07-13 15:01:00,M11,NVDA,option,R,459
E001191,2026-07-11 12:42:00,M12,MSFT,equity,A,10000
E001192,2026-07-17 14:39:00,M12,JPM,equity,R,50000
E001193,2026-07-14 10:36:00,M12,MSFT,equity,A,50000
E001194,2026-07-11 12:34:00,M12,QQQ,etf,A,25000
E001195,2026-07-19 13:43:00,M12,MSFT,equity,R,50000
E001196,2026-07-23 14:57:00,M12,NVDA,equity,R,10000
E001197,2026-07-25 10:41:00,M12,JPM,equity,R,10000
E001198,2026-07-03 13:34:00,M12,NVDA,equity,R,10000
E001199,2026-07-11 15:56:00,M12,MSFT,equity,A,10000
E001200,2026-07-14 12:19:00,M12,NVDA,equity,R,10000
E001201,2026-07-09 10:49:00,M12,SPY,etf,A,50000
E001202,2026-07-01 15:39:00,M12,MSFT,equity,R,10000
E001203,2026-07-20 10:38:00,M12,QQQ,etf,A,50000
E001204,2026-07-12 09:44:00,M12,AAPL,equity,R,50000
E001205,2026-07-28 13:30:00,M12,QQQ,etf,R,10000
E001206,2026-07-28 12:31:00,M12,MSFT,equity,R,25000
E001207,2026-07-08 09:26:00,M12,MSFT,equity,R,10000
E001208,2026-07-14 10:47:00,M12,NVDA,equity,R,10000
E001209,2026-07-03 10:59:00,M12,MSFT,equity,R,10000
E001210,2026-07-16 14:20:00,M12,QQQ,etf,R,25000
E001211,2026-07-13 15:02:00,M12,JPM,equity,R,10000
E001212,2026-07-11 12:39:00,M12,SPY,etf,R,25000
E001213,2026-07-18 13:41:00,M12,QQQ,etf,R,50000
E001214,2026-07-04 12:29:00,M12,QQQ,etf,R,10000
E001215,2026-07-17 13:25:00,M12,MSFT,equity,R,10000
E001216,2026-07-13 13:48:00,M12,QQQ,etf,R,10000
E001217,2026-07-10 12:25:00,M12,MSFT,equity,R,10000
E001218,2026-07-06 12:18:00,M12,JPM,equity,R,25000
E001219,2026-07-17 10:29:00,M12,SPY,etf,R,10000
E001220,2026-07-24 13:07:00,M12,AAPL,equity,A,25000
E001221,2026-07-18 10:25:00,M12,SPY,etf,R,50000
E001222,2026-07-06 12:37:00,M12,AAPL,equity,R,25000
E001223,2026-07-03 11:20:00,M12,JPM,equity,R,10000
E001224,2026-07-23 14:07:00,M12,MSFT,equity,A,50000
E001225,2026-07-21 11:05:00,M12,JPM,equity,R,50000
E001226,2026-07-26 13:39:00,M12,SPY,etf,R,25000
E001227,2026-07-13 09:49:00,M12,QQQ,etf,A,25000
E001228,2026-07-28 14:55:00,M12,QQQ,etf,A,25000
E001229,2026-07-25 14:03:00,M12,MSFT,equity,R,10000
E001230,2026-07-25 12:18:00,M12,SPY,etf,R,25000
E001231,2026-07-07 09:39:00,M12,MSFT,equity,R,10000
E001232,2026-07-16 15:31:00,M12,JPM,equity,R,10000
E001233,2026-07-16 10:13:00,M12,QQQ,etf,R,10000
E001234,2026-07-14 12:05:00,M12,JPM,equity,R,25000
E001235,2026-07-18 11:39:00,M12,MSFT,equity,R,10000
E001236,2026-07-06 10:03:00,M12,AAPL,equity,R,10000
E001237,2026-07-28 09:42:00,M12,MSFT,equity,R,10000
E001238,2026-07-11 09:03:00,M12,NVDA,equity,A,50000
E001239,2026-07-22 11:39:00,M12,MSFT,equity,R,10000
E001240,2026-07-19 15:35:00,M12,QQQ,etf,A,50000
E001241,2026-07-19 11:59:00,M12,SPY,etf,A,25000
E001242,2026-07-12 12:52:00,M12,NVDA,equity,A,25000
E001243,2026-07-03 11:30:00,M12,QQQ,etf,A,25000
E001244,2026-07-11 13:26:00,M12,NVDA,equity,R,50000
E001245,2026-07-20 09:06:00,M12,MSFT,equity,R,50000
E001246,2026-07-03 12:46:00,M12,QQQ,etf,R,50000
E001247,2026-07-14 13:54:00,M12,NVDA,equity,A,50000
E001248,2026-07-20 11:59:00,M12,QQQ,etf,A,50000
E001249,2026-07-17 14:40:00,M12,JPM,equity,R,50000
E001250,2026-07-08 14:18:00,M12,QQQ,etf,R,10000
E001251,2026-07-01 12:40:00,M12,AAPL,equity,R,10000
E001252,2026-07-26 13:26:00,M12,MSFT,equity,R,50000
E001253,2026-07-18 15:40:00,M12,NVDA,equity,A,25000
E001254,2026-07-23 11:16:00,M12,MSFT,equity,R,50000
E001255,2026-07-17 13:20:00,M12,NVDA,equity,R,25000
E001256,2026-07-11 11:25:00,M12,SPY,etf,R,10000
E001257,2026-07-27 10:12:00,M12,AAPL,equity,A,50000
E001258,2026-07-16 12:51:00,M12,SPY,etf,A,25000
E001259,2026-07-05 14:29:00,M12,JPM,equity,R,10000
E001260,2026-07-26 15:26:00,M12,NVDA,option,R,246
E001261,2026-07-17 11:36:00,M12,AAPL,option,R,437
E001262,2026-07-18 09:13:00,M12,NVDA,option,R,294
E001263,2026-07-26 11:04:00,M12,NVDA,option,R,419
E001264,2026-07-01 11:24:00,M12,NVDA,option,R,440
E001265,2026-07-20 12:11:00,M12,MSFT,option,R,302
E001266,2026-07-28 11:45:00,M12,NVDA,option,A,371
E001267,2026-07-16 10:23:00,M12,JPM,option,R,54
E001268,2026-07-17 11:11:00,M12,NVDA,option,A,120
E001269,2026-07-07 09:28:00,M12,AAPL,option,R,408
E001270,2026-07-17 10:12:00,M12,JPM,option,A,473
E001271,2026-07-28 13:19:00,M12,JPM,option,R,385
E001272,2026-07-28 09:52:00,M12,MSFT,option,R,403
E001273,2026-08-07 14:02:00,M01,MSFT,equity,R,50000
E001274,2026-08-04 09:19:00,M01,QQQ,etf,R,50000
E001275,2026-08-28 09:21:00,M01,QQQ,etf,R,50000
E001276,2026-08-17 15:42:00,M01,AAPL,equity,R,10000
E001277,2026-08-25 11:40:00,M01,QQQ,etf,R,10000
E001278,2026-08-07 11:17:00,M01,MSFT,equity,R,25000
E001279,2026-08-04 11:09:00,M01,SPY,etf,A,25000
E001280,2026-08-20 13:32:00,M01,AAPL,equity,A,10000
E001281,2026-08-18 11:17:00,M01,NVDA,equity,A,50000
E001282,2026-08-19 10:10:00,M01,NVDA,equity,A,50000
E001283,2026-08-18 12:03:00,M01,NVDA,equity,A,50000
E001284,2026-08-02 09:24:00,M01,SPY,etf,A,25000
E001285,2026-08-06 14:38:00,M01,JPM,equity,R,25000
E001286,2026-08-23 12:39:00,M01,SPY,etf,A,50000
E001287,2026-08-23 15:42:00,M01,MSFT,equity,R,25000
E001288,2026-08-19 10:05:00,M01,JPM,equity,R,10000
E001289,2026-08-04 12:19:00,M01,JPM,equity,R,50000
E001290,2026-08-16 10:14:00,M01,JPM,equity,A,50000
E001291,2026-08-12 12:11:00,M01,NVDA,equity,R,50000
E001292,2026-08-26 15:56:00,M01,NVDA,equity,A,50000
E001293,2026-08-03 12:07:00,M01,AAPL,equity,A,25000
E001294,2026-08-10 15:22:00,M01,MSFT,equity,R,25000
E001295,2026-08-04 12:52:00,M01,QQQ,etf,R,10000
E001296,2026-08-18 14:04:00,M01,NVDA,equity,R,10000
E001297,2026-08-13 13:26:00,M01,JPM,equity,A,50000
E001298,2026-08-06 12:24:00,M01,QQQ,etf,A,10000
E001299,2026-08-19 12:50:00,M01,SPY,etf,R,10000
E001300,2026-08-18 14:15:00,M01,NVDA,equity,A,50000
E001301,2026-08-24 14:36:00,M01,AAPL,equity,R,50000
E001302,2026-08-20 12:20:00,M01,QQQ,etf,R,10000
E001303,2026-08-10 12:04:00,M01,MSFT,equity,R,25000
E001304,2026-08-25 15:24:00,M01,QQQ,etf,A,50000
E001305,2026-08-02 09:13:00,M01,SPY,etf,R,50000
E001306,2026-08-26 09:48:00,M01,SPY,etf,A,50000
E001307,2026-08-18 11:24:00,M01,JPM,equity,R,10000
E001308,2026-08-07 14:56:00,M01,MSFT,equity,A,25000
E001309,2026-08-10 12:45:00,M01,SPY,etf,R,50000
E001310,2026-08-19 09:39:00,M01,AAPL,equity,R,25000
E001311,2026-08-28 11:03:00,M01,MSFT,equity,A,25000
E001312,2026-08-01 14:35:00,M01,AAPL,equity,R,50000
E001313,2026-08-28 11:55:00,M01,AAPL,equity,A,25000
E001314,2026-08-19 12:40:00,M01,SPY,etf,A,25000
E001315,2026-08-13 12:34:00,M01,JPM,equity,A,25000
E001316,2026-08-05 10:35:00,M01,JPM,equity,A,10000
E001317,2026-08-05 11:55:00,M01,JPM,equity,R,25000
E001318,2026-08-03 14:01:00,M01,AAPL,equity,A,10000
E001319,2026-08-14 10:05:00,M01,SPY,etf,A,25000
E001320,2026-08-26 14:38:00,M01,JPM,equity,R,25000
E001321,2026-08-15 13:27:00,M01,MSFT,equity,R,50000
E001322,2026-08-12 10:11:00,M01,JPM,equity,R,25000
E001323,2026-08-16 15:46:00,M01,QQQ,etf,A,10000
E001324,2026-08-14 13:36:00,M01,NVDA,equity,A,50000
E001325,2026-08-16 14:23:00,M01,QQQ,etf,A,10000
E001326,2026-08-03 10:46:00,M01,SPY,etf,R,25000
E001327,2026-08-17 09:33:00,M01,JPM,equity,R,25000
E001328,2026-08-16 14:47:00,M01,MSFT,equity,R,10000
E001329,2026-08-22 14:34:00,M01,AAPL,equity,R,50000
E001330,2026-08-02 11:34:00,M01,QQQ,etf,R,25000
E001331,2026-08-17 12:36:00,M01,JPM,equity,R,25000
E001332,2026-08-26 11:18:00,M01,NVDA,equity,A,25000
E001333,2026-08-24 11:46:00,M01,QQQ,etf,R,50000
E001334,2026-08-21 12:37:00,M01,AAPL,equity,A,25000
E001335,2026-08-10 15:47:00,M01,SPY,etf,R,10000
E001336,2026-08-03 10:32:00,M01,JPM,equity,A,25000
E001337,2026-08-05 13:17:00,M01,NVDA,equity,A,25000
E001338,2026-08-24 09:38:00,M01,AAPL,equity,A,25000
E001339,2026-08-05 14:28:00,M01,SPY,etf,A,50000
E001340,2026-08-26 14:15:00,M01,NVDA,equity,R,10000
E001341,2026-08-11 09:09:00,M01,AAPL,equity,R,50000
E001342,2026-08-25 12:49:00,M01,JPM,equity,A,10000
E001343,2026-08-24 14:10:00,M01,JPM,equity,A,50000
E001344,2026-08-02 14:16:00,M01,NVDA,equity,R,50000
E001345,2026-08-06 12:25:00,M01,AAPL,equity,R,10000
E001346,2026-08-25 13:14:00,M01,SPY,etf,A,25000
E001347,2026-08-16 11:09:00,M01,JPM,equity,R,50000
E001348,2026-08-10 15:28:00,M01,AAPL,equity,A,25000
E001349,2026-08-22 09:06:00,M01,QQQ,etf,R,25000
E001350,2026-08-28 12:39:00,M01,NVDA,equity,R,50000
E001351,2026-08-09 11:51:00,M01,NVDA,equity,A,25000
E001352,2026-08-13 12:49:00,M01,QQQ,etf,R,50000
E001353,2026-08-22 13:49:00,M01,SPY,etf,A,10000
E001354,2026-08-23 10:20:00,M01,SPY,etf,R,25000
E001355,2026-08-27 09:00:00,M01,AAPL,equity,R,50000
E001356,2026-08-22 12:22:00,M01,AAPL,equity,A,50000
E001357,2026-08-07 09:01:00,M01,NVDA,equity,R,25000
E001358,2026-08-22 15:13:00,M01,QQQ,etf,R,10000
E001359,2026-08-23 09:05:00,M01,AAPL,equity,R,50000
E001360,2026-08-22 15:57:00,M01,JPM,equity,R,10000
E001361,2026-08-23 10:16:00,M01,AAPL,equity,A,10000
E001362,2026-08-21 12:59:00,M01,AAPL,equity,R,50000
E001363,2026-08-22 15:49:00,M01,SPY,etf,A,25000
E001364,2026-08-09 15:03:00,M01,AAPL,equity,A,10000
E001365,2026-08-09 15:16:00,M01,AAPL,equity,A,25000
E001366,2026-08-07 13:25:00,M01,JPM,equity,A,10000
E001367,2026-08-05 13:49:00,M01,AAPL,equity,R,25000
E001368,2026-08-04 12:45:00,M01,SPY,etf,A,50000
E001369,2026-08-03 13:46:00,M01,AAPL,equity,A,10000
E001370,2026-08-16 10:41:00,M01,AAPL,equity,R,25000
E001371,2026-08-13 11:09:00,M01,SPY,etf,R,10000
E001372,2026-08-01 13:45:00,M01,QQQ,etf,R,25000
E001373,2026-08-14 12:54:00,M01,JPM,equity,R,25000
E001374,2026-08-08 09:24:00,M01,QQQ,etf,R,10000
E001375,2026-08-19 13:59:00,M01,AAPL,equity,R,25000
E001376,2026-08-10 12:03:00,M01,SPY,etf,R,25000
E001377,2026-08-12 13:54:00,M01,AAPL,equity,R,50000
E001378,2026-08-25 15:18:00,M01,JPM,equity,R,10000
E001379,2026-08-02 12:42:00,M01,QQQ,etf,A,10000
E001380,2026-08-04 14:44:00,M01,JPM,equity,A,50000
E001381,2026-08-15 14:12:00,M01,SPY,etf,A,10000
E001382,2026-08-24 13:15:00,M01,AAPL,equity,R,10000
E001383,2026-08-21 11:31:00,M01,QQQ,etf,R,10000
E001384,2026-08-02 11:03:00,M01,AAPL,equity,A,25000
E001385,2026-08-13 09:13:00,M01,AAPL,equity,R,50000
E001386,2026-08-15 14:55:00,M01,QQQ,etf,R,50000
E001387,2026-08-19 10:59:00,M01,SPY,etf,A,10000
E001388,2026-08-16 14:01:00,M01,MSFT,equity,R,50000
E001389,2026-08-08 14:41:00,M01,AAPL,equity,A,50000
E001390,2026-08-02 11:52:00,M01,SPY,etf,R,10000
E001391,2026-08-06 15:37:00,M01,QQQ,etf,A,25000
E001392,2026-08-16 13:51:00,M01,AAPL,equity,R,10000
E001393,2026-08-14 11:51:00,M01,MSFT,equity,R,10000
E001394,2026-08-13 11:07:00,M01,SPY,etf,R,50000
E001395,2026-08-05 11:53:00,M01,QQQ,etf,R,50000
E001396,2026-08-19 10:21:00,M01,AAPL,equity,A,10000
E001397,2026-08-25 12:10:00,M01,MSFT,equity,R,25000
E001398,2026-08-15 10:59:00,M01,MSFT,equity,R,50000
E001399,2026-08-26 15:40:00,M01,AAPL,equity,R,10000
E001400,2026-08-16 09:00:00,M01,AAPL,equity,A,10000
E001401,2026-08-21 13:56:00,M01,SPY,etf,A,10000
E001402,2026-08-23 10:13:00,M01,JPM,equity,A,50000
E001403,2026-08-15 12:15:00,M01,QQQ,etf,R,25000
E001404,2026-08-02 13:11:00,M01,SPY,etf,R,50000
E001405,2026-08-21 15:50:00,M01,AAPL,equity,A,50000
E001406,2026-08-18 10:12:00,M01,AAPL,equity,A,25000
E001407,2026-08-20 11:55:00,M01,AAPL,equity,R,50000
E001408,2026-08-08 12:49:00,M01,QQQ,etf,R,50000
E001409,2026-08-02 10:07:00,M01,NVDA,equity,R,10000
E001410,2026-08-16 10:10:00,M01,JPM,equity,R,50000
E001411,2026-08-21 11:18:00,M01,AAPL,equity,A,10000
E001412,2026-08-20 15:56:00,M01,NVDA,equity,R,25000
E001413,2026-08-24 09:59:00,M01,AAPL,equity,R,10000
E001414,2026-08-16 13:07:00,M01,AAPL,equity,A,10000
E001415,2026-08-15 13:37:00,M01,SPY,etf,A,10000
E001416,2026-08-22 11:14:00,M01,SPY,etf,R,10000
E001417,2026-08-04 10:47:00,M01,MSFT,equity,R,25000
E001418,2026-08-08 09:30:00,M01,JPM,equity,R,10000
E001419,2026-08-05 10:59:00,M01,JPM,equity,R,10000
E001420,2026-08-12 10:29:00,M01,JPM,equity,R,10000
E001421,2026-08-09 10:21:00,M01,NVDA,equity,A,50000
E001422,2026-08-02 11:08:00,M01,QQQ,etf,A,50000
E001423,2026-08-14 10:48:00,M01,JPM,equity,A,25000
E001424,2026-08-06 15:50:00,M01,QQQ,etf,R,25000
E001425,2026-08-19 13:54:00,M01,MSFT,equity,A,50000
E001426,2026-08-16 15:13:00,M01,QQQ,etf,R,25000
E001427,2026-08-01 14:27:00,M01,NVDA,equity,R,25000
E001428,2026-08-11 12:37:00,M01,MSFT,equity,A,10000
E001429,2026-08-19 09:26:00,M01,MSFT,equity,R,50000
E001430,2026-08-24 15:32:00,M01,JPM,equity,A,10000
E001431,2026-08-16 15:51:00,M01,JPM,equity,R,50000
E001432,2026-08-16 10:05:00,M01,JPM,equity,R,10000
E001433,2026-08-24 12:13:00,M01,SPY,etf,A,10000
E001434,2026-08-21 09:01:00,M01,MSFT,equity,R,25000
E001435,2026-08-23 12:54:00,M01,MSFT,equity,R,25000
E001436,2026-08-15 12:49:00,M01,AAPL,equity,A,50000
E001437,2026-08-06 15:55:00,M01,JPM,equity,A,50000
E001438,2026-08-21 09:55:00,M01,SPY,etf,R,25000
E001439,2026-08-11 13:02:00,M01,SPY,etf,A,25000
E001440,2026-08-20 13:36:00,M01,SPY,etf,R,25000
E001441,2026-08-20 11:47:00,M01,AAPL,equity,R,50000
E001442,2026-08-12 09:07:00,M01,SPY,etf,A,50000
E001443,2026-08-02 11:23:00,M01,QQQ,etf,A,25000
E001444,2026-08-03 13:45:00,M01,SPY,etf,R,50000
E001445,2026-08-08 13:07:00,M01,NVDA,equity,R,10000
E001446,2026-08-28 14:13:00,M01,QQQ,etf,R,50000
E001447,2026-08-12 11:32:00,M01,NVDA,equity,R,10000
E001448,2026-08-03 11:22:00,M01,AAPL,equity,R,25000
E001449,2026-08-27 09:30:00,M01,QQQ,etf,R,50000
E001450,2026-08-10 12:39:00,M01,QQQ,etf,A,50000
E001451,2026-08-26 09:12:00,M01,SPY,etf,R,50000
E001452,2026-08-03 12:57:00,M01,AAPL,equity,A,25000
E001453,2026-08-06 11:07:00,M01,AAPL,equity,R,10000
E001454,2026-08-28 10:33:00,M01,MSFT,equity,R,25000
E001455,2026-08-14 14:34:00,M01,NVDA,equity,R,10000
E001456,2026-08-14 12:47:00,M01,NVDA,equity,R,25000
E001457,2026-08-03 09:55:00,M01,MSFT,equity,R,25000
E001458,2026-08-11 12:37:00,M01,SPY,etf,A,50000
E001459,2026-08-16 13:42:00,M01,NVDA,equity,R,50000
E001460,2026-08-15 11:36:00,M01,JPM,equity,A,50000
E001461,2026-08-26 11:14:00,M01,MSFT,equity,R,25000
E001462,2026-08-05 11:18:00,M01,AAPL,equity,R,25000
E001463,2026-08-06 14:34:00,M01,QQQ,etf,A,10000
E001464,2026-08-23 14:50:00,M01,SPY,etf,A,10000
E001465,2026-08-02 11:36:00,M01,AAPL,equity,A,10000
E001466,2026-08-06 10:35:00,M01,NVDA,equity,R,25000
E001467,2026-08-12 10:23:00,M01,NVDA,equity,R,50000
E001468,2026-08-10 09:58:00,M01,QQQ,etf,A,10000
E001469,2026-08-15 11:09:00,M01,MSFT,equity,A,25000
E001470,2026-08-17 11:41:00,M01,QQQ,etf,R,50000
E001471,2026-08-25 13:42:00,M01,NVDA,equity,A,25000
E001472,2026-08-15 11:44:00,M01,SPY,etf,A,50000
E001473,2026-08-05 14:35:00,M01,AAPL,equity,A,25000
E001474,2026-08-20 15:14:00,M01,JPM,equity,R,10000
E001475,2026-08-02 13:41:00,M01,NVDA,equity,A,10000
E001476,2026-08-26 15:17:00,M01,MSFT,equity,A,50000
E001477,2026-08-28 12:43:00,M01,QQQ,etf,R,10000
E001478,2026-08-13 10:31:00,M01,QQQ,etf,A,10000
E001479,2026-08-02 14:23:00,M01,QQQ,etf,A,50000
E001480,2026-08-12 12:23:00,M01,JPM,equity,A,50000
E001481,2026-08-10 12:55:00,M01,NVDA,equity,R,25000
E001482,2026-08-15 14:26:00,M01,SPY,etf,R,10000
E001483,2026-08-26 14:57:00,M01,MSFT,equity,R,25000
E001484,2026-08-27 13:38:00,M01,MSFT,equity,A,25000
E001485,2026-08-16 15:33:00,M01,NVDA,equity,R,10000
E001486,2026-08-25 12:05:00,M01,QQQ,etf,A,10000
E001487,2026-08-14 10:35:00,M01,NVDA,equity,R,50000
E001488,2026-08-07 10:53:00,M01,MSFT,equity,A,50000
E001489,2026-08-02 15:52:00,M01,JPM,equity,A,50000
E001490,2026-08-16 13:47:00,M01,NVDA,equity,R,50000
E001491,2026-08-05 11:19:00,M01,AAPL,equity,R,10000
E001492,2026-08-04 14:42:00,M01,JPM,equity,R,50000
E001493,2026-08-16 14:41:00,M01,MSFT,equity,A,25000
E001494,2026-08-16 09:38:00,M01,NVDA,equity,R,10000
E001495,2026-08-19 12:55:00,M01,JPM,equity,A,50000
E001496,2026-08-23 15:07:00,M01,JPM,equity,A,15000
E001497,2026-08-09 10:37:00,M01,AAPL,option,A,442
E001498,2026-08-23 10:22:00,M01,NVDA,option,A,246
E001499,2026-08-14 14:58:00,M01,NVDA,option,R,194
E001500,2026-08-10 13:40:00,M01,AAPL,option,R,158
E001501,2026-08-21 10:48:00,M01,MSFT,option,A,402
E001502,2026-08-11 15:20:00,M01,MSFT,option,R,288
E001503,2026-08-22 14:44:00,M01,NVDA,option,A,148
E001504,2026-08-05 09:08:00,M01,NVDA,option,R,431
E001505,2026-08-16 12:21:00,M01,NVDA,option,R,408
E001506,2026-08-07 10:32:00,M01,MSFT,option,A,62
E001507,2026-08-18 13:44:00,M01,MSFT,option,R,417
E001508,2026-08-15 09:07:00,M01,AAPL,option,R,223
E001509,2026-08-12 11:44:00,M01,AAPL,option,A,255
E001510,2026-08-20 13:48:00,M01,JPM,option,R,465
E001511,2026-08-01 14:52:00,M02,NVDA,equity,A,50000
E001512,2026-08-05 14:14:00,M02,SPY,etf,A,10000
E001513,2026-08-03 12:44:00,M02,MSFT,equity,R,10000
E001514,2026-08-01 15:30:00,M02,AAPL,equity,R,10000
E001515,2026-08-04 09:50:00,M02,MSFT,equity,R,10000
E001516,2026-08-16 09:58:00,M02,AAPL,equity,A,50000
E001517,2026-08-22 09:48:00,M02,NVDA,equity,A,10000
E001518,2026-08-07 13:57:00,M02,QQQ,etf,A,10000
E001519,2026-08-01 09:09:00,M02,NVDA,equity,R,50000
E001520,2026-08-12 11:10:00,M02,QQQ,etf,R,25000
E001521,2026-08-08 13:36:00,M02,QQQ,etf,A,50000
E001522,2026-08-17 10:45:00,M02,AAPL,equity,A,15000
E001523,2026-08-25 13:00:00,M02,MSFT,option,R,471
E001524,2026-08-07 13:54:00,M02,AAPL,option,R,483
E001525,2026-08-19 10:28:00,M02,NVDA,option,R,367
E001526,2026-08-27 11:24:00,M02,AAPL,option,R,102
E001527,2026-08-04 15:20:00,M02,MSFT,option,A,218
E001528,2026-08-05 12:48:00,M02,AAPL,option,A,276
E001529,2026-08-24 09:05:00,M02,NVDA,option,A,295
E001530,2026-08-10 12:38:00,M02,AAPL,option,R,207
E001531,2026-08-18 12:18:00,M02,JPM,option,R,125
E001532,2026-08-27 15:30:00,M03,AAPL,equity,R,10000
E001533,2026-08-01 14:31:00,M03,MSFT,equity,R,25000
E001534,2026-08-17 14:43:00,M03,JPM,equity,A,25000
E001535,2026-08-13 14:37:00,M03,JPM,equity,R,10000
E001536,2026-08-03 11:12:00,M03,MSFT,equity,A,50000
E001537,2026-08-04 10:53:00,M03,JPM,equity,R,50000
E001538,2026-08-25 14:49:00,M03,NVDA,equity,R,25000
E001539,2026-08-13 11:30:00,M03,SPY,etf,R,25000
E001540,2026-08-17 11:09:00,M03,JPM,equity,R,25000
E001541,2026-08-09 12:31:00,M03,AAPL,equity,A,10000
E001542,2026-08-04 14:03:00,M03,AAPL,equity,R,10000
E001543,2026-08-01 10:24:00,M03,SPY,etf,R,25000
E001544,2026-08-10 13:39:00,M03,MSFT,equity,A,25000
E001545,2026-08-25 13:49:00,M03,SPY,etf,R,10000
E001546,2026-08-10 14:31:00,M03,MSFT,equity,R,25000
E001547,2026-08-11 15:55:00,M03,QQQ,etf,R,25000
E001548,2026-08-14 09:24:00,M03,AAPL,equity,R,10000
E001549,2026-08-15 09:02:00,M03,JPM,equity,A,25000
E001550,2026-08-23 10:31:00,M03,NVDA,equity,R,50000
E001551,2026-08-13 12:48:00,M03,SPY,etf,A,25000
E001552,2026-08-22 13:43:00,M03,JPM,equity,R,50000
E001553,2026-08-18 15:10:00,M03,JPM,equity,R,25000
E001554,2026-08-16 13:24:00,M03,NVDA,equity,R,25000
E001555,2026-08-11 09:01:00,M03,NVDA,equity,R,25000
E001556,2026-08-12 15:47:00,M03,NVDA,equity,R,10000
E001557,2026-08-13 09:27:00,M03,NVDA,equity,A,50000
E001558,2026-08-12 09:42:00,M03,JPM,equity,A,25000
E001559,2026-08-10 13:05:00,M03,SPY,etf,R,10000
E001560,2026-08-04 11:10:00,M03,NVDA,equity,A,10000
E001561,2026-08-15 14:55:00,M03,AAPL,equity,R,25000
E001562,2026-08-09 09:44:00,M03,JPM,equity,R,50000
E001563,2026-08-13 13:24:00,M03,NVDA,equity,A,10000
E001564,2026-08-04 14:43:00,M03,JPM,equity,A,10000
E001565,2026-08-26 15:42:00,M03,QQQ,etf,A,25000
E001566,2026-08-12 12:12:00,M03,NVDA,equity,R,50000
E001567,2026-08-07 11:16:00,M03,QQQ,etf,A,10000
E001568,2026-08-26 10:39:00,M03,JPM,equity,R,50000
E001569,2026-08-28 13:06:00,M03,SPY,etf,R,10000
E001570,2026-08-19 15:33:00,M03,AAPL,equity,R,25000
E001571,2026-08-26 09:41:00,M03,NVDA,equity,R,10000
E001572,2026-08-14 14:34:00,M03,NVDA,equity,A,50000
E001573,2026-08-09 13:32:00,M03,JPM,equity,R,25000
E001574,2026-08-01 14:45:00,M03,MSFT,equity,R,50000
E001575,2026-08-16 10:42:00,M03,QQQ,etf,R,10000
E001576,2026-08-09 14:34:00,M03,JPM,equity,R,50000
E001577,2026-08-24 14:03:00,M03,QQQ,etf,R,25000
E001578,2026-08-05 10:09:00,M03,JPM,equity,R,25000
E001579,2026-08-14 11:55:00,M03,JPM,equity,R,25000
E001580,2026-08-07 15:26:00,M03,SPY,etf,A,10000
E001581,2026-08-06 11:43:00,M03,SPY,etf,R,25000
E001582,2026-08-04 10:12:00,M03,MSFT,equity,A,25000
E001583,2026-08-16 13:27:00,M03,JPM,equity,R,25000
E001584,2026-08-06 11:08:00,M03,MSFT,equity,A,10000
E001585,2026-08-18 10:41:00,M03,SPY,etf,R,25000
E001586,2026-08-26 09:03:00,M03,JPM,equity,R,50000
E001587,2026-08-20 11:55:00,M03,NVDA,equity,A,10000
E001588,2026-08-22 14:56:00,M03,NVDA,equity,A,25000
E001589,2026-08-08 09:36:00,M03,MSFT,equity,R,50000
E001590,2026-08-22 15:37:00,M03,QQQ,etf,R,10000
E001591,2026-08-16 09:15:00,M03,NVDA,equity,R,50000
E001592,2026-08-27 13:47:00,M03,NVDA,equity,A,25000
E001593,2026-08-08 12:13:00,M03,SPY,etf,A,50000
E001594,2026-08-09 12:26:00,M03,MSFT,equity,A,10000
E001595,2026-08-16 13:23:00,M03,AAPL,equity,R,50000
E001596,2026-08-18 12:30:00,M03,NVDA,equity,R,10000
E001597,2026-08-12 12:45:00,M03,MSFT,equity,A,25000
E001598,2026-08-21 13:02:00,M03,AAPL,equity,R,25000
E001599,2026-08-23 15:42:00,M03,AAPL,equity,A,40000
E001600,2026-08-21 14:23:00,M03,JPM,option,R,168
E001601,2026-08-28 10:54:00,M03,AAPL,option,R,283
E001602,2026-08-13 11:19:00,M03,AAPL,option,A,475
E001603,2026-08-07 15:56:00,M03,MSFT,option,A,162
E001604,2026-08-11 15:49:00,M03,JPM,option,R,333
E001605,2026-08-28 09:52:00,M03,AAPL,option,R,150
E001606,2026-08-24 12:59:00,M03,JPM,option,R,251
E001607,2026-08-27 09:52:00,M03,JPM,option,A,458
E001608,2026-08-03 11:26:00,M03,NVDA,option,R,269
E001609,2026-08-23 09:48:00,M03,NVDA,option,A,242
E001610,2026-08-15 15:41:00,M03,MSFT,option,A,332
E001611,2026-08-21 11:20:00,M03,JPM,option,R,112
E001612,2026-08-08 13:45:00,M03,AAPL,option,R,90
E001613,2026-08-22 12:50:00,M04,QQQ,etf,R,10000
E001614,2026-08-28 14:08:00,M04,JPM,equity,A,25000
E001615,2026-08-27 11:51:00,M04,QQQ,etf,A,50000
E001616,2026-08-12 10:25:00,M04,JPM,equity,R,10000
E001617,2026-08-01 09:59:00,M04,MSFT,equity,R,50000
E001618,2026-08-08 09:29:00,M04,SPY,etf,A,50000
E001619,2026-08-02 12:39:00,M04,MSFT,equity,R,50000
E001620,2026-08-03 11:10:00,M04,MSFT,equity,R,25000
E001621,2026-08-23 13:27:00,M04,AAPL,equity,R,10000
E001622,2026-08-16 09:14:00,M04,SPY,etf,R,25000
E001623,2026-08-10 14:31:00,M04,NVDA,equity,A,10000
E001624,2026-08-20 10:52:00,M04,MSFT,equity,A,25000
E001625,2026-08-14 10:26:00,M04,MSFT,equity,R,50000
E001626,2026-08-09 10:39:00,M04,NVDA,equity,R,10000
E001627,2026-08-19 14:41:00,M04,NVDA,equity,R,10000
E001628,2026-08-05 15:20:00,M04,JPM,equity,R,10000
E001629,2026-08-07 14:24:00,M04,SPY,etf,R,25000
E001630,2026-08-09 09:06:00,M04,QQQ,etf,R,50000
E001631,2026-08-08 12:58:00,M04,NVDA,equity,A,10000
E001632,2026-08-26 13:45:00,M04,SPY,etf,R,50000
E001633,2026-08-09 13:39:00,M04,AAPL,equity,A,10000
E001634,2026-08-12 10:57:00,M04,SPY,etf,R,25000
E001635,2026-08-09 10:32:00,M04,MSFT,equity,R,50000
E001636,2026-08-05 09:20:00,M04,JPM,equity,R,25000
E001637,2026-08-09 09:20:00,M04,MSFT,equity,A,25000
E001638,2026-08-28 15:17:00,M04,JPM,equity,R,10000
E001639,2026-08-09 13:53:00,M04,NVDA,equity,R,25000
E001640,2026-08-11 12:57:00,M04,QQQ,etf,A,25000
E001641,2026-08-25 10:35:00,M04,JPM,equity,R,50000
E001642,2026-08-26 12:03:00,M04,SPY,etf,A,50000
E001643,2026-08-06 09:30:00,M04,MSFT,equity,A,10000
E001644,2026-08-14 09:57:00,M04,JPM,equity,R,50000
E001645,2026-08-12 14:35:00,M04,JPM,equity,R,10000
E001646,2026-08-28 14:55:00,M04,AAPL,equity,A,25000
E001647,2026-08-07 15:18:00,M04,AAPL,equity,A,25000
E001648,2026-08-17 15:17:00,M04,SPY,etf,R,10000
E001649,2026-08-07 13:00:00,M04,QQQ,etf,R,50000
E001650,2026-08-14 09:15:00,M04,MSFT,equity,R,50000
E001651,2026-08-11 09:18:00,M04,AAPL,equity,R,50000
E001652,2026-08-13 11:37:00,M04,AAPL,equity,R,50000
E001653,2026-08-05 09:05:00,M04,NVDA,equity,R,10000
E001654,2026-08-16 12:40:00,M04,SPY,etf,R,50000
E001655,2026-08-01 11:02:00,M04,SPY,etf,R,50000
E001656,2026-08-24 14:58:00,M04,NVDA,equity,R,25000
E001657,2026-08-07 15:03:00,M04,MSFT,equity,R,50000
E001658,2026-08-26 09:47:00,M04,NVDA,equity,A,25000
E001659,2026-08-03 12:16:00,M04,JPM,equity,A,50000
E001660,2026-08-01 15:13:00,M04,AAPL,equity,A,25000
E001661,2026-08-21 15:41:00,M04,NVDA,equity,A,25000
E001662,2026-08-26 12:47:00,M04,JPM,equity,R,25000
E001663,2026-08-20 10:22:00,M04,SPY,etf,R,25000
E001664,2026-08-07 12:28:00,M04,QQQ,etf,R,25000
E001665,2026-08-19 13:27:00,M04,NVDA,equity,A,25000
E001666,2026-08-20 10:27:00,M04,NVDA,equity,R,25000
E001667,2026-08-17 11:29:00,M04,AAPL,equity,R,10000
E001668,2026-08-23 10:59:00,M04,SPY,etf,R,50000
E001669,2026-08-17 09:18:00,M04,SPY,etf,R,50000
E001670,2026-08-10 10:08:00,M04,JPM,equity,R,10000
E001671,2026-08-17 12:18:00,M04,MSFT,equity,R,25000
E001672,2026-08-02 13:06:00,M04,AAPL,equity,R,50000
E001673,2026-08-15 14:46:00,M04,AAPL,equity,R,25000
E001674,2026-08-09 13:05:00,M04,NVDA,equity,R,25000
E001675,2026-08-24 14:29:00,M04,AAPL,equity,A,10000
E001676,2026-08-02 09:26:00,M04,JPM,equity,R,10000
E001677,2026-08-19 14:29:00,M04,NVDA,equity,R,25000
E001678,2026-08-26 11:21:00,M04,QQQ,etf,R,25000
E001679,2026-08-06 09:47:00,M04,MSFT,equity,R,10000
E001680,2026-08-04 12:34:00,M04,SPY,etf,A,25000
E001681,2026-08-01 10:41:00,M04,AAPL,equity,R,25000
E001682,2026-08-28 14:47:00,M04,JPM,equity,R,50000
E001683,2026-08-20 15:39:00,M04,NVDA,equity,A,25000
E001684,2026-08-22 12:51:00,M04,SPY,etf,A,50000
E001685,2026-08-01 10:07:00,M04,MSFT,equity,R,10000
E001686,2026-08-28 09:13:00,M04,MSFT,equity,R,50000
E001687,2026-08-08 12:53:00,M04,SPY,etf,R,10000
E001688,2026-08-03 11:49:00,M04,MSFT,equity,R,50000
E001689,2026-08-01 09:10:00,M04,JPM,equity,R,25000
E001690,2026-08-15 12:30:00,M04,SPY,etf,A,50000
E001691,2026-08-08 10:18:00,M04,QQQ,etf,R,25000
E001692,2026-08-11 09:06:00,M04,AAPL,equity,R,25000
E001693,2026-08-14 15:31:00,M04,JPM,equity,R,50000
E001694,2026-08-18 11:02:00,M04,SPY,etf,R,50000
E001695,2026-08-19 14:39:00,M04,QQQ,etf,R,25000
E001696,2026-08-23 09:33:00,M04,MSFT,equity,A,25000
E001697,2026-08-18 09:17:00,M04,NVDA,equity,R,50000
E001698,2026-08-04 12:39:00,M04,JPM,equity,R,25000
E001699,2026-08-23 12:01:00,M04,JPM,equity,A,25000
E001700,2026-08-16 11:28:00,M04,MSFT,equity,A,50000
E001701,2026-08-22 11:58:00,M04,QQQ,etf,R,10000
E001702,2026-08-15 10:56:00,M04,SPY,etf,A,50000
E001703,2026-08-14 15:43:00,M04,JPM,equity,R,50000
E001704,2026-08-26 15:10:00,M04,JPM,equity,R,25000
E001705,2026-08-24 09:42:00,M04,SPY,etf,R,25000
E001706,2026-08-06 13:31:00,M04,MSFT,equity,A,10000
E001707,2026-08-10 10:13:00,M04,JPM,equity,R,25000
E001708,2026-08-09 11:43:00,M04,NVDA,equity,A,10000
E001709,2026-08-26 09:21:00,M04,AAPL,equity,R,50000
E001710,2026-08-04 13:14:00,M04,MSFT,equity,R,50000
E001711,2026-08-25 09:49:00,M04,NVDA,equity,R,25000
E001712,2026-08-28 14:55:00,M04,MSFT,equity,R,25000
E001713,2026-08-23 09:59:00,M04,AAPL,equity,R,50000
E001714,2026-08-04 15:39:00,M04,AAPL,equity,R,25000
E001715,2026-08-02 13:06:00,M04,QQQ,etf,A,10000
E001716,2026-08-12 10:46:00,M04,MSFT,equity,A,10000
E001717,2026-08-16 14:55:00,M04,QQQ,etf,A,25000
E001718,2026-08-11 15:08:00,M04,NVDA,equity,A,50000
E001719,2026-08-14 15:49:00,M04,JPM,equity,A,10000
E001720,2026-08-10 13:10:00,M04,NVDA,equity,A,25000
E001721,2026-08-25 12:23:00,M04,SPY,etf,R,25000
E001722,2026-08-25 15:33:00,M04,MSFT,equity,R,10000
E001723,2026-08-26 12:26:00,M04,MSFT,equity,R,10000
E001724,2026-08-26 14:23:00,M04,QQQ,etf,R,25000
E001725,2026-08-25 09:45:00,M04,MSFT,equity,R,25000
E001726,2026-08-11 11:25:00,M04,AAPL,equity,R,10000
E001727,2026-08-02 12:48:00,M04,JPM,equity,A,10000
E001728,2026-08-19 09:40:00,M04,MSFT,equity,R,50000
E001729,2026-08-10 12:25:00,M04,QQQ,etf,R,50000
E001730,2026-08-28 11:46:00,M04,QQQ,etf,R,50000
E001731,2026-08-27 11:57:00,M04,AAPL,equity,R,25000
E001732,2026-08-13 12:41:00,M04,SPY,etf,A,10000
E001733,2026-08-26 13:41:00,M04,QQQ,etf,R,50000
E001734,2026-08-13 15:12:00,M04,SPY,etf,R,25000
E001735,2026-08-18 11:24:00,M04,AAPL,equity,R,10000
E001736,2026-08-17 13:18:00,M04,MSFT,equity,A,50000
E001737,2026-08-10 13:21:00,M04,QQQ,etf,R,50000
E001738,2026-08-01 15:34:00,M04,AAPL,equity,R,10000
E001739,2026-08-24 12:32:00,M04,NVDA,equity,A,10000
E001740,2026-08-09 14:32:00,M04,NVDA,equity,A,10000
E001741,2026-08-04 12:19:00,M04,SPY,etf,R,10000
E001742,2026-08-11 10:51:00,M04,JPM,equity,R,10000
E001743,2026-08-23 14:42:00,M04,QQQ,etf,R,50000
E001744,2026-08-12 11:18:00,M04,MSFT,equity,R,50000
E001745,2026-08-22 10:45:00,M04,QQQ,etf,A,50000
E001746,2026-08-04 11:33:00,M04,MSFT,equity,R,50000
E001747,2026-08-04 10:45:00,M04,JPM,equity,R,25000
E001748,2026-08-03 09:27:00,M04,AAPL,equity,R,25000
E001749,2026-08-15 09:23:00,M04,MSFT,equity,R,25000
E001750,2026-08-18 13:49:00,M04,QQQ,etf,A,25000
E001751,2026-08-16 14:27:00,M04,QQQ,etf,R,25000
E001752,2026-08-24 12:52:00,M04,JPM,equity,A,50000
E001753,2026-08-16 14:29:00,M04,MSFT,equity,A,50000
E001754,2026-08-28 13:07:00,M04,QQQ,etf,R,50000
E001755,2026-08-02 14:10:00,M04,JPM,equity,R,25000
E001756,2026-08-20 15:26:00,M04,AAPL,equity,A,25000
E001757,2026-08-10 09:33:00,M04,QQQ,etf,A,25000
E001758,2026-08-12 11:18:00,M04,NVDA,equity,R,25000
E001759,2026-08-26 13:26:00,M04,MSFT,equity,A,10000
E001760,2026-08-07 10:52:00,M04,NVDA,equity,R,25000
E001761,2026-08-18 11:04:00,M04,AAPL,equity,R,10000
E001762,2026-08-19 11:36:00,M04,JPM,equity,R,25000
E001763,2026-08-16 15:46:00,M04,JPM,equity,R,25000
E001764,2026-08-17 14:29:00,M04,MSFT,equity,R,10000
E001765,2026-08-05 15:46:00,M04,JPM,equity,A,50000
E001766,2026-08-20 12:24:00,M04,SPY,etf,A,50000
E001767,2026-08-18 09:42:00,M04,NVDA,equity,R,25000
E001768,2026-08-21 09:55:00,M04,NVDA,equity,A,50000
E001769,2026-08-21 15:49:00,M04,QQQ,etf,R,10000
E001770,2026-08-04 14:35:00,M04,SPY,etf,A,50000
E001771,2026-08-19 15:03:00,M04,QQQ,etf,R,50000
E001772,2026-08-25 12:32:00,M04,MSFT,equity,R,50000
E001773,2026-08-18 10:01:00,M04,SPY,etf,A,10000
E001774,2026-08-27 14:53:00,M04,MSFT,equity,R,10000
E001775,2026-08-26 13:38:00,M04,AAPL,equity,A,25000
E001776,2026-08-16 15:59:00,M04,AAPL,equity,A,50000
E001777,2026-08-14 09:55:00,M04,MSFT,equity,R,25000
E001778,2026-08-03 09:06:00,M04,NVDA,equity,R,25000
E001779,2026-08-06 11:49:00,M04,MSFT,equity,A,25000
E001780,2026-08-22 10:03:00,M04,JPM,equity,R,25000
E001781,2026-08-01 14:03:00,M04,MSFT,equity,A,25000
E001782,2026-08-05 12:57:00,M04,NVDA,equity,A,10000
E001783,2026-08-02 10:15:00,M04,AAPL,equity,R,25000
E001784,2026-08-16 13:48:00,M04,MSFT,equity,R,50000
E001785,2026-08-02 11:29:00,M04,NVDA,equity,R,10000
E001786,2026-08-01 12:40:00,M04,JPM,equity,A,10000
E001787,2026-08-18 13:43:00,M04,NVDA,equity,A,10000
E001788,2026-08-26 10:19:00,M04,SPY,etf,R,50000
E001789,2026-08-28 14:32:00,M04,AAPL,equity,A,25000
E001790,2026-08-18 10:50:00,M04,NVDA,equity,A,10000
E001791,2026-08-15 09:00:00,M04,QQQ,etf,R,25000
E001792,2026-08-21 10:00:00,M04,NVDA,equity,A,50000
E001793,2026-08-20 11:53:00,M04,NVDA,equity,R,25000
E001794,2026-08-07 13:53:00,M04,SPY,etf,R,25000
E001795,2026-08-24 13:36:00,M04,MSFT,equity,A,10000
E001796,2026-08-23 09:53:00,M04,JPM,equity,A,10000
E001797,2026-08-14 10:39:00,M04,NVDA,equity,R,50000
E001798,2026-08-11 14:16:00,M04,SPY,etf,R,25000
E001799,2026-08-09 10:42:00,M04,JPM,equity,R,50000
E001800,2026-08-15 13:21:00,M04,MSFT,equity,A,25000
E001801,2026-08-21 09:38:00,M04,MSFT,equity,R,50000
E001802,2026-08-06 12:35:00,M04,SPY,etf,R,10000
E001803,2026-08-25 12:34:00,M04,JPM,equity,A,50000
E001804,2026-08-03 13:01:00,M04,SPY,etf,R,50000
E001805,2026-08-22 09:22:00,M04,JPM,equity,R,50000
E001806,2026-08-12 12:11:00,M04,QQQ,etf,R,25000
E001807,2026-08-04 12:23:00,M04,AAPL,equity,R,50000
E001808,2026-08-08 14:01:00,M04,AAPL,equity,R,25000
E001809,2026-08-12 10:05:00,M04,SPY,etf,R,50000
E001810,2026-08-26 14:14:00,M04,NVDA,equity,A,50000
E001811,2026-08-02 11:31:00,M04,NVDA,equity,R,25000
E001812,2026-08-07 09:12:00,M04,QQQ,etf,R,50000
E001813,2026-08-04 15:17:00,M04,JPM,equity,R,50000
E001814,2026-08-18 10:42:00,M04,MSFT,equity,R,25000
E001815,2026-08-20 13:11:00,M04,SPY,etf,A,50000
E001816,2026-08-03 10:16:00,M04,SPY,etf,R,10000
E001817,2026-08-24 15:17:00,M04,QQQ,etf,A,10000
E001818,2026-08-23 14:34:00,M04,AAPL,equity,R,50000
E001819,2026-08-15 09:27:00,M04,QQQ,etf,R,50000
E001820,2026-08-28 11:27:00,M04,AAPL,equity,R,50000
E001821,2026-08-04 14:33:00,M04,NVDA,equity,R,25000
E001822,2026-08-25 09:56:00,M04,QQQ,etf,R,25000
E001823,2026-08-14 13:28:00,M04,NVDA,equity,A,10000
E001824,2026-08-11 09:56:00,M04,MSFT,equity,R,25000
E001825,2026-08-08 14:27:00,M04,SPY,etf,R,10000
E001826,2026-08-06 11:19:00,M04,MSFT,equity,A,10000
E001827,2026-08-01 12:27:00,M04,AAPL,equity,R,50000
E001828,2026-08-11 15:16:00,M04,SPY,etf,A,50000
E001829,2026-08-11 15:03:00,M04,MSFT,equity,R,25000
E001830,2026-08-03 15:38:00,M04,MSFT,equity,R,5000
E001831,2026-08-04 09:03:00,M04,JPM,option,R,306
E001832,2026-08-28 14:04:00,M04,JPM,option,R,170
E001833,2026-08-26 12:03:00,M04,AAPL,option,A,480
E001834,2026-08-04 14:03:00,M04,JPM,option,R,43
E001835,2026-08-13 12:06:00,M04,NVDA,option,R,445
E001836,2026-08-28 13:50:00,M04,JPM,option,R,129
E001837,2026-08-15 15:27:00,M05,JPM,equity,R,25000
E001838,2026-08-11 14:43:00,M05,AAPL,equity,R,50000
E001839,2026-08-11 13:12:00,M05,QQQ,etf,A,25000
E001840,2026-08-23 09:37:00,M05,QQQ,etf,R,10000
E001841,2026-08-05 14:32:00,M05,QQQ,etf,A,10000
E001842,2026-08-24 13:28:00,M05,JPM,equity,A,25000
E001843,2026-08-02 10:19:00,M05,AAPL,equity,R,10000
E001844,2026-08-25 11:19:00,M05,SPY,etf,R,50000
E001845,2026-08-05 12:19:00,M05,MSFT,equity,R,50000
E001846,2026-08-01 13:37:00,M05,NVDA,equity,R,25000
E001847,2026-08-08 13:52:00,M05,AAPL,equity,R,10000
E001848,2026-08-12 10:12:00,M05,JPM,equity,R,10000
E001849,2026-08-07 14:30:00,M05,AAPL,option,R,184
E001850,2026-08-23 11:54:00,M05,JPM,option,R,317
E001851,2026-08-10 12:21:00,M05,NVDA,option,A,325
E001852,2026-08-26 09:31:00,M05,JPM,option,A,458
E001853,2026-08-08 14:14:00,M05,AAPL,option,R,337
E001854,2026-08-16 14:49:00,M05,MSFT,option,R,132
E001855,2026-08-24 12:13:00,M05,NVDA,option,R,423
E001856,2026-08-01 09:22:00,M05,AAPL,option,A,195
E001857,2026-08-15 10:40:00,M06,NVDA,equity,R,10000
E001858,2026-08-01 10:12:00,M06,AAPL,equity,A,25000
E001859,2026-08-24 10:21:00,M06,NVDA,equity,R,10000
E001860,2026-08-07 09:11:00,M06,MSFT,equity,R,10000
E001861,2026-08-27 14:08:00,M06,AAPL,equity,A,10000
E001862,2026-08-07 11:29:00,M06,NVDA,equity,A,10000
E001863,2026-08-06 13:51:00,M06,SPY,etf,R,25000
E001864,2026-08-03 09:09:00,M06,SPY,etf,R,25000
E001865,2026-08-07 13:24:00,M06,MSFT,equity,R,10000
E001866,2026-08-14 14:15:00,M06,QQQ,etf,R,25000
E001867,2026-08-07 15:34:00,M06,QQQ,etf,A,50000
E001868,2026-08-08 09:40:00,M06,NVDA,equity,R,10000
E001869,2026-08-19 12:13:00,M06,QQQ,etf,R,10000
E001870,2026-08-20 09:10:00,M06,SPY,etf,R,25000
E001871,2026-08-12 12:33:00,M06,QQQ,etf,R,45000
E001872,2026-08-23 12:45:00,M06,NVDA,option,R,279
E001873,2026-08-19 12:40:00,M06,JPM,option,R,147
E001874,2026-08-08 10:28:00,M06,AAPL,option,R,116
E001875,2026-08-10 12:56:00,M06,JPM,option,A,121
E001876,2026-08-27 11:16:00,M06,MSFT,option,R,488
E001877,2026-08-03 11:28:00,M06,MSFT,option,R,394
E001878,2026-08-02 12:32:00,M06,MSFT,option,R,308
E001879,2026-08-15 12:26:00,M06,JPM,option,A,240
E001880,2026-08-09 12:01:00,M06,JPM,option,A,172
E001881,2026-08-21 09:22:00,M06,MSFT,option,R,145
E001882,2026-08-18 14:05:00,M07,QQQ,etf,R,50000
E001883,2026-08-04 09:23:00,M07,AAPL,equity,A,10000
E001884,2026-08-07 14:21:00,M07,NVDA,equity,A,10000
E001885,2026-08-28 11:12:00,M07,SPY,etf,R,50000
E001886,2026-08-24 13:58:00,M07,SPY,etf,A,10000
E001887,2026-08-27 11:50:00,M07,NVDA,equity,R,25000
E001888,2026-08-25 14:00:00,M07,QQQ,etf,R,25000
E001889,2026-08-28 12:14:00,M07,MSFT,equity,A,50000
E001890,2026-08-16 10:33:00,M07,MSFT,equity,R,50000
E001891,2026-08-24 15:29:00,M07,JPM,equity,A,50000
E001892,2026-08-28 10:27:00,M07,NVDA,equity,R,10000
E001893,2026-08-07 12:28:00,M07,JPM,equity,R,50000
E001894,2026-08-05 13:55:00,M07,NVDA,equity,A,10000
E001895,2026-08-16 15:42:00,M07,AAPL,equity,R,50000
E001896,2026-08-14 12:43:00,M07,MSFT,equity,R,25000
E001897,2026-08-10 11:37:00,M07,QQQ,etf,A,50000
E001898,2026-08-05 11:36:00,M07,MSFT,equity,R,10000
E001899,2026-08-19 15:25:00,M07,QQQ,etf,R,50000
E001900,2026-08-03 13:24:00,M07,JPM,equity,A,10000
E001901,2026-08-19 12:40:00,M07,NVDA,equity,R,10000
E001902,2026-08-04 14:35:00,M07,MSFT,equity,A,10000
E001903,2026-08-16 09:11:00,M07,QQQ,etf,A,50000
E001904,2026-08-07 10:18:00,M07,NVDA,equity,R,25000
E001905,2026-08-02 11:33:00,M07,JPM,equity,A,10000
E001906,2026-08-13 10:07:00,M07,JPM,equity,A,25000
E001907,2026-08-24 09:24:00,M07,JPM,equity,R,25000
E001908,2026-08-28 10:19:00,M07,MSFT,equity,R,10000
E001909,2026-08-16 10:38:00,M07,SPY,etf,R,50000
E001910,2026-08-07 13:45:00,M07,QQQ,etf,R,25000
E001911,2026-08-01 10:28:00,M07,MSFT,equity,A,25000
E001912,2026-08-26 10:33:00,M07,QQQ,etf,A,25000
E001913,2026-08-15 12:36:00,M07,JPM,equity,A,50000
E001914,2026-08-21 12:22:00,M07,NVDA,equity,R,10000
E001915,2026-08-13 13:52:00,M07,NVDA,equity,R,50000
E001916,2026-08-08 10:57:00,M07,JPM,equity,R,10000
E001917,2026-08-13 14:11:00,M07,JPM,equity,R,25000
E001918,2026-08-23 09:15:00,M07,JPM,equity,R,10000
E001919,2026-08-21 13:18:00,M07,NVDA,equity,R,10000
E001920,2026-08-24 14:57:00,M07,SPY,etf,A,10000
E001921,2026-08-25 13:07:00,M07,JPM,equity,R,25000
E001922,2026-08-17 15:49:00,M07,AAPL,equity,A,10000
E001923,2026-08-09 10:32:00,M07,MSFT,equity,A,25000
E001924,2026-08-21 14:43:00,M07,AAPL,equity,R,10000
E001925,2026-08-24 12:54:00,M07,NVDA,equity,A,25000
E001926,2026-08-09 09:45:00,M07,AAPL,equity,R,10000
E001927,2026-08-24 12:31:00,M07,SPY,etf,R,25000
E001928,2026-08-22 10:45:00,M07,QQQ,etf,R,10000
E001929,2026-08-27 11:53:00,M07,JPM,equity,A,10000
E001930,2026-08-04 10:18:00,M07,QQQ,etf,A,10000
E001931,2026-08-06 09:42:00,M07,JPM,equity,R,50000
E001932,2026-08-05 12:22:00,M07,NVDA,equity,A,50000
E001933,2026-08-22 13:13:00,M07,AAPL,equity,R,50000
E001934,2026-08-26 13:41:00,M07,SPY,etf,R,10000
E001935,2026-08-13 14:19:00,M07,AAPL,equity,R,50000
E001936,2026-08-02 15:24:00,M07,AAPL,equity,R,50000
E001937,2026-08-08 10:05:00,M07,NVDA,equity,A,10000
E001938,2026-08-11 15:12:00,M07,AAPL,equity,R,10000
E001939,2026-08-04 15:53:00,M07,MSFT,equity,R,10000
E001940,2026-08-06 09:26:00,M07,SPY,etf,R,10000
E001941,2026-08-18 14:12:00,M07,NVDA,equity,R,25000
E001942,2026-08-14 09:14:00,M07,JPM,equity,A,50000
E001943,2026-08-06 09:25:00,M07,NVDA,equity,R,25000
E001944,2026-08-07 12:14:00,M07,JPM,equity,A,10000
E001945,2026-08-20 11:02:00,M07,SPY,etf,A,25000
E001946,2026-08-10 15:38:00,M07,JPM,equity,R,10000
E001947,2026-08-18 15:59:00,M07,SPY,etf,R,10000
E001948,2026-08-04 13:20:00,M07,NVDA,equity,R,10000
E001949,2026-08-22 15:44:00,M07,JPM,equity,A,50000
E001950,2026-08-25 14:20:00,M07,SPY,etf,R,10000
E001951,2026-08-03 11:01:00,M07,JPM,equity,R,50000
E001952,2026-08-13 13:40:00,M07,JPM,equity,R,50000
E001953,2026-08-23 09:14:00,M07,QQQ,etf,A,50000
E001954,2026-08-08 14:27:00,M07,NVDA,equity,R,10000
E001955,2026-08-02 10:23:00,M07,AAPL,equity,R,50000
E001956,2026-08-13 10:41:00,M07,MSFT,equity,A,10000
E001957,2026-08-15 14:56:00,M07,QQQ,etf,A,50000
E001958,2026-08-21 15:48:00,M07,NVDA,equity,A,25000
E001959,2026-08-27 11:48:00,M07,SPY,etf,A,25000
E001960,2026-08-11 10:13:00,M07,NVDA,equity,R,50000
E001961,2026-08-26 14:44:00,M07,MSFT,equity,R,50000
E001962,2026-08-17 11:11:00,M07,JPM,equity,R,50000
E001963,2026-08-28 12:04:00,M07,AAPL,equity,R,10000
E001964,2026-08-05 10:08:00,M07,SPY,etf,A,10000
E001965,2026-08-27 15:59:00,M07,QQQ,etf,A,50000
E001966,2026-08-14 14:29:00,M07,AAPL,equity,A,50000
E001967,2026-08-08 12:11:00,M07,MSFT,equity,R,50000
E001968,2026-08-19 12:40:00,M07,NVDA,equity,A,25000
E001969,2026-08-12 12:24:00,M07,AAPL,equity,A,25000
E001970,2026-08-17 13:47:00,M07,JPM,equity,R,25000
E001971,2026-08-01 15:24:00,M07,JPM,equity,R,10000
E001972,2026-08-20 13:09:00,M07,NVDA,equity,R,10000
E001973,2026-08-13 12:19:00,M07,NVDA,equity,R,10000
E001974,2026-08-20 12:04:00,M07,QQQ,etf,A,25000
E001975,2026-08-07 10:58:00,M07,JPM,equity,A,50000
E001976,2026-08-24 14:23:00,M07,QQQ,etf,R,10000
E001977,2026-08-24 11:24:00,M07,JPM,equity,R,25000
E001978,2026-08-03 12:56:00,M07,QQQ,etf,A,50000
E001979,2026-08-19 10:12:00,M07,JPM,equity,R,10000
E001980,2026-08-12 13:45:00,M07,SPY,etf,R,25000
E001981,2026-08-23 09:41:00,M07,NVDA,equity,A,50000
E001982,2026-08-08 10:30:00,M07,SPY,etf,A,25000
E001983,2026-08-23 14:01:00,M07,SPY,etf,R,25000
E001984,2026-08-09 13:29:00,M07,MSFT,equity,R,50000
E001985,2026-08-08 13:37:00,M07,NVDA,equity,R,10000
E001986,2026-08-04 15:05:00,M07,AAPL,equity,R,10000
E001987,2026-08-23 13:57:00,M07,JPM,equity,A,25000
E001988,2026-08-06 15:27:00,M07,JPM,equity,A,10000
E001989,2026-08-18 14:56:00,M07,QQQ,etf,A,25000
E001990,2026-08-14 15:56:00,M07,SPY,etf,R,25000
E001991,2026-08-21 13:49:00,M07,AAPL,equity,R,10000
E001992,2026-08-24 10:59:00,M07,NVDA,equity,R,10000
E001993,2026-08-01 10:52:00,M07,NVDA,equity,R,50000
E001994,2026-08-25 14:26:00,M07,AAPL,equity,R,10000
E001995,2026-08-24 12:10:00,M07,NVDA,equity,A,50000
E001996,2026-08-05 10:31:00,M07,SPY,etf,A,10000
E001997,2026-08-19 15:13:00,M07,JPM,equity,A,10000
E001998,2026-08-06 15:48:00,M07,SPY,etf,A,10000
E001999,2026-08-21 13:06:00,M07,JPM,equity,R,25000
E002000,2026-08-10 09:24:00,M07,AAPL,equity,A,10000
E002001,2026-08-01 13:15:00,M07,NVDA,equity,R,10000
E002002,2026-08-01 09:17:00,M07,AAPL,equity,R,50000
E002003,2026-08-19 15:02:00,M07,SPY,etf,A,10000
E002004,2026-08-13 13:33:00,M07,AAPL,equity,R,50000
E002005,2026-08-16 15:21:00,M07,JPM,equity,R,25000
E002006,2026-08-22 11:20:00,M07,NVDA,equity,R,25000
E002007,2026-08-13 12:39:00,M07,SPY,etf,A,25000
E002008,2026-08-26 09:00:00,M07,NVDA,equity,R,25000
E002009,2026-08-24 15:56:00,M07,JPM,equity,R,50000
E002010,2026-08-04 15:33:00,M07,QQQ,etf,A,10000
E002011,2026-08-12 12:39:00,M07,MSFT,equity,R,50000
E002012,2026-08-14 14:12:00,M07,QQQ,etf,A,25000
E002013,2026-08-01 14:23:00,M07,NVDA,equity,R,50000
E002014,2026-08-22 12:14:00,M07,NVDA,equity,R,50000
E002015,2026-08-20 15:05:00,M07,SPY,etf,A,25000
E002016,2026-08-28 14:57:00,M07,SPY,etf,A,25000
E002017,2026-08-20 10:45:00,M07,NVDA,equity,A,25000
E002018,2026-08-26 15:45:00,M07,QQQ,etf,R,50000
E002019,2026-08-26 09:19:00,M07,JPM,equity,R,10000
E002020,2026-08-06 12:07:00,M07,JPM,equity,R,50000
E002021,2026-08-08 10:10:00,M07,MSFT,equity,R,50000
E002022,2026-08-03 09:27:00,M07,SPY,etf,R,50000
E002023,2026-08-11 12:49:00,M07,MSFT,equity,A,10000
E002024,2026-08-22 12:57:00,M07,NVDA,equity,R,50000
E002025,2026-08-18 14:46:00,M07,MSFT,equity,R,50000
E002026,2026-08-28 10:59:00,M07,NVDA,equity,R,50000
E002027,2026-08-21 11:24:00,M07,AAPL,equity,R,50000
E002028,2026-08-24 12:41:00,M07,SPY,etf,R,50000
E002029,2026-08-26 10:14:00,M07,JPM,equity,A,50000
E002030,2026-08-04 09:21:00,M07,AAPL,equity,R,25000
E002031,2026-08-04 13:23:00,M07,SPY,etf,A,10000
E002032,2026-08-19 14:00:00,M07,JPM,equity,A,25000
E002033,2026-08-07 15:24:00,M07,QQQ,etf,R,50000
E002034,2026-08-26 14:59:00,M07,NVDA,equity,R,25000
E002035,2026-08-20 13:14:00,M07,SPY,etf,A,50000
E002036,2026-08-28 12:20:00,M07,QQQ,etf,A,10000
E002037,2026-08-16 14:29:00,M07,MSFT,equity,A,25000
E002038,2026-08-24 14:54:00,M07,MSFT,equity,R,25000
E002039,2026-08-20 11:19:00,M07,AAPL,equity,R,50000
E002040,2026-08-09 15:45:00,M07,AAPL,equity,R,50000
E002041,2026-08-16 11:45:00,M07,MSFT,equity,R,50000
E002042,2026-08-05 15:45:00,M07,NVDA,equity,A,10000
E002043,2026-08-23 14:03:00,M07,MSFT,equity,R,50000
E002044,2026-08-24 12:19:00,M07,JPM,equity,R,10000
E002045,2026-08-01 13:25:00,M07,MSFT,equity,A,50000
E002046,2026-08-12 15:25:00,M07,JPM,equity,A,50000
E002047,2026-08-10 11:44:00,M07,SPY,etf,R,50000
E002048,2026-08-13 09:08:00,M07,QQQ,etf,A,50000
E002049,2026-08-28 14:19:00,M07,AAPL,equity,R,50000
E002050,2026-08-05 12:44:00,M07,QQQ,etf,R,10000
E002051,2026-08-07 15:47:00,M07,MSFT,equity,A,10000
E002052,2026-08-12 14:54:00,M07,AAPL,equity,R,50000
E002053,2026-08-13 12:43:00,M07,MSFT,equity,R,30000
E002054,2026-08-16 10:03:00,M07,AAPL,option,A,192
E002055,2026-08-14 10:40:00,M07,NVDA,option,R,313
E002056,2026-08-04 10:25:00,M07,MSFT,option,R,27
E002057,2026-08-24 12:49:00,M07,MSFT,option,R,344
E002058,2026-08-15 15:52:00,M07,AAPL,option,R,408
E002059,2026-08-15 11:00:00,M08,SPY,etf,A,50000
E002060,2026-08-16 14:42:00,M08,AAPL,equity,R,10000
E002061,2026-08-19 13:36:00,M08,AAPL,equity,R,10000
E002062,2026-08-04 15:37:00,M08,SPY,etf,A,50000
E002063,2026-08-23 12:19:00,M08,SPY,etf,R,25000
E002064,2026-08-03 14:58:00,M08,NVDA,equity,R,10000
E002065,2026-08-13 15:44:00,M08,MSFT,equity,A,50000
E002066,2026-08-26 15:33:00,M08,QQQ,etf,R,50000
E002067,2026-08-18 14:52:00,M08,QQQ,etf,R,50000
E002068,2026-08-22 09:11:00,M08,MSFT,equity,R,10000
E002069,2026-08-01 13:28:00,M08,MSFT,equity,R,50000
E002070,2026-08-05 13:13:00,M08,AAPL,equity,R,10000
E002071,2026-08-09 15:48:00,M08,QQQ,etf,A,10000
E002072,2026-08-10 11:34:00,M08,QQQ,etf,A,10000
E002073,2026-08-08 11:02:00,M08,AAPL,equity,R,50000
E002074,2026-08-22 13:28:00,M08,NVDA,equity,A,50000
E002075,2026-08-11 13:58:00,M08,SPY,etf,R,25000
E002076,2026-08-18 13:13:00,M08,QQQ,etf,R,25000
E002077,2026-08-08 09:12:00,M08,AAPL,equity,A,50000
E002078,2026-08-20 13:13:00,M08,MSFT,equity,R,10000
E002079,2026-08-24 13:27:00,M08,MSFT,equity,A,25000
E002080,2026-08-13 14:57:00,M08,NVDA,equity,A,25000
E002081,2026-08-09 14:27:00,M08,AAPL,equity,R,25000
E002082,2026-08-07 09:40:00,M08,QQQ,etf,R,10000
E002083,2026-08-21 10:45:00,M08,SPY,etf,A,50000
E002084,2026-08-27 13:38:00,M08,SPY,etf,A,50000
E002085,2026-08-26 12:24:00,M08,NVDA,equity,A,10000
E002086,2026-08-03 11:07:00,M08,MSFT,equity,R,50000
E002087,2026-08-14 09:21:00,M08,QQQ,etf,R,50000
E002088,2026-08-25 11:09:00,M08,NVDA,equity,R,25000
E002089,2026-08-01 09:24:00,M08,NVDA,equity,R,10000
E002090,2026-08-04 15:59:00,M08,JPM,equity,A,10000
E002091,2026-08-10 13:52:00,M08,SPY,etf,R,50000
E002092,2026-08-12 14:36:00,M08,QQQ,etf,R,10000
E002093,2026-08-20 09:57:00,M08,NVDA,equity,A,50000
E002094,2026-08-06 11:51:00,M08,JPM,equity,R,25000
E002095,2026-08-20 15:25:00,M08,QQQ,etf,R,50000
E002096,2026-08-01 14:32:00,M08,NVDA,equity,R,10000
E002097,2026-08-05 12:36:00,M08,MSFT,equity,R,50000
E002098,2026-08-21 11:45:00,M08,SPY,etf,R,10000
E002099,2026-08-14 14:29:00,M08,QQQ,etf,A,50000
E002100,2026-08-17 11:17:00,M08,JPM,equity,R,25000
E002101,2026-08-27 10:19:00,M08,SPY,etf,R,50000
E002102,2026-08-14 15:20:00,M08,NVDA,equity,R,10000
E002103,2026-08-03 14:15:00,M08,AAPL,equity,R,50000
E002104,2026-08-02 09:47:00,M08,QQQ,etf,A,10000
E002105,2026-08-14 14:32:00,M08,AAPL,equity,R,25000
E002106,2026-08-16 13:43:00,M08,JPM,equity,R,10000
E002107,2026-08-04 12:00:00,M08,SPY,etf,R,50000
E002108,2026-08-23 12:44:00,M08,AAPL,equity,R,50000
E002109,2026-08-24 14:58:00,M08,MSFT,equity,R,25000
E002110,2026-08-20 09:38:00,M08,SPY,etf,R,50000
E002111,2026-08-25 13:57:00,M08,SPY,etf,A,10000
E002112,2026-08-27 10:32:00,M08,NVDA,equity,A,10000
E002113,2026-08-16 12:10:00,M08,JPM,equity,A,10000
E002114,2026-08-22 10:53:00,M08,NVDA,equity,R,10000
E002115,2026-08-10 12:18:00,M08,NVDA,equity,A,10000
E002116,2026-08-21 13:25:00,M08,SPY,etf,A,10000
E002117,2026-08-17 15:57:00,M08,SPY,etf,A,25000
E002118,2026-08-28 12:03:00,M08,QQQ,etf,A,25000
E002119,2026-08-11 11:22:00,M08,JPM,equity,A,50000
E002120,2026-08-06 12:22:00,M08,SPY,etf,A,25000
E002121,2026-08-07 09:33:00,M08,JPM,equity,R,10000
E002122,2026-08-16 09:09:00,M08,JPM,option,R,73
E002123,2026-08-16 12:23:00,M08,NVDA,option,A,125
E002124,2026-08-06 13:51:00,M08,JPM,option,A,466
E002125,2026-08-27 12:10:00,M08,JPM,option,A,346
E002126,2026-08-12 15:45:00,M08,JPM,option,A,12
E002127,2026-08-02 10:25:00,M08,MSFT,option,R,155
E002128,2026-08-02 10:42:00,M08,NVDA,option,A,471
E002129,2026-08-04 12:31:00,M09,NVDA,equity,R,50000
E002130,2026-08-05 11:48:00,M09,SPY,etf,R,50000
E002131,2026-08-24 14:53:00,M09,QQQ,etf,R,25000
E002132,2026-08-04 15:01:00,M09,AAPL,equity,A,10000
E002133,2026-08-01 15:43:00,M09,QQQ,etf,A,25000
E002134,2026-08-14 13:47:00,M09,NVDA,equity,A,50000
E002135,2026-08-10 12:05:00,M09,NVDA,equity,R,25000
E002136,2026-08-05 14:32:00,M09,QQQ,etf,A,10000
E002137,2026-08-28 11:44:00,M09,AAPL,equity,A,25000
E002138,2026-08-16 14:50:00,M09,MSFT,equity,R,25000
E002139,2026-08-17 13:11:00,M09,SPY,etf,A,50000
E002140,2026-08-21 10:14:00,M09,SPY,etf,A,50000
E002141,2026-08-09 10:59:00,M09,AAPL,equity,A,25000
E002142,2026-08-07 09:55:00,M09,QQQ,etf,A,10000
E002143,2026-08-10 14:40:00,M09,QQQ,etf,R,25000
E002144,2026-08-14 12:03:00,M09,NVDA,equity,R,10000
E002145,2026-08-10 09:17:00,M09,AAPL,equity,A,50000
E002146,2026-08-14 10:20:00,M09,SPY,etf,R,25000
E002147,2026-08-01 09:42:00,M09,AAPL,equity,R,10000
E002148,2026-08-16 11:58:00,M09,NVDA,equity,R,10000
E002149,2026-08-09 12:23:00,M09,MSFT,equity,A,25000
E002150,2026-08-22 09:43:00,M09,AAPL,equity,R,10000
E002151,2026-08-12 14:51:00,M09,NVDA,equity,A,10000
E002152,2026-08-20 11:15:00,M09,QQQ,etf,R,50000
E002153,2026-08-13 09:56:00,M09,QQQ,etf,A,10000
E002154,2026-08-20 09:02:00,M09,SPY,etf,R,50000
E002155,2026-08-07 14:28:00,M09,MSFT,equity,R,50000
E002156,2026-08-20 11:19:00,M09,QQQ,etf,R,10000
E002157,2026-08-24 10:02:00,M09,QQQ,etf,A,10000
E002158,2026-08-23 11:57:00,M09,QQQ,etf,R,25000
E002159,2026-08-12 12:40:00,M09,NVDA,equity,R,50000
E002160,2026-08-16 12:33:00,M09,AAPL,equity,R,25000
E002161,2026-08-06 13:17:00,M09,AAPL,equity,R,50000
E002162,2026-08-02 13:03:00,M09,NVDA,equity,R,10000
E002163,2026-08-24 15:25:00,M09,MSFT,equity,R,50000
E002164,2026-08-03 10:28:00,M09,QQQ,etf,R,50000
E002165,2026-08-25 12:25:00,M09,QQQ,etf,R,25000
E002166,2026-08-01 10:36:00,M09,MSFT,equity,A,10000
E002167,2026-08-26 13:29:00,M09,AAPL,equity,R,50000
E002168,2026-08-09 11:54:00,M09,QQQ,etf,A,50000
E002169,2026-08-18 09:10:00,M09,NVDA,equity,A,50000
E002170,2026-08-10 09:40:00,M09,MSFT,equity,A,50000
E002171,2026-08-09 15:50:00,M09,MSFT,equity,A,25000
E002172,2026-08-18 09:00:00,M09,MSFT,equity,R,10000
E002173,2026-08-12 11:05:00,M09,QQQ,etf,R,50000
E002174,2026-08-24 10:26:00,M09,NVDA,equity,R,50000
E002175,2026-08-02 14:52:00,M09,NVDA,equity,A,25000
E002176,2026-08-24 11:11:00,M09,MSFT,equity,A,25000
E002177,2026-08-22 15:49:00,M09,QQQ,etf,R,10000
E002178,2026-08-24 14:44:00,M09,AAPL,equity,A,50000
E002179,2026-08-28 14:40:00,M09,NVDA,equity,R,50000
E002180,2026-08-08 11:17:00,M09,JPM,equity,A,10000
E002181,2026-08-05 12:14:00,M09,JPM,equity,R,50000
E002182,2026-08-05 12:05:00,M09,NVDA,equity,R,25000
E002183,2026-08-27 15:11:00,M09,MSFT,equity,A,25000
E002184,2026-08-06 14:18:00,M09,SPY,etf,A,25000
E002185,2026-08-27 12:43:00,M09,MSFT,equity,R,10000
E002186,2026-08-03 12:15:00,M09,MSFT,equity,R,10000
E002187,2026-08-04 14:33:00,M09,JPM,equity,A,50000
E002188,2026-08-04 12:24:00,M09,QQQ,etf,A,10000
E002189,2026-08-02 10:15:00,M09,SPY,etf,R,10000
E002190,2026-08-21 13:00:00,M09,MSFT,option,R,490
E002191,2026-08-26 09:34:00,M09,AAPL,option,R,500
E002192,2026-08-23 09:12:00,M09,NVDA,option,A,446
E002193,2026-08-06 11:21:00,M09,JPM,option,R,427
E002194,2026-08-18 14:17:00,M09,MSFT,option,R,38
E002195,2026-08-27 09:06:00,M09,AAPL,option,R,20
E002196,2026-08-27 12:09:00,M09,AAPL,option,A,271
E002197,2026-08-08 12:24:00,M09,MSFT,option,A,22
E002198,2026-08-22 12:43:00,M09,NVDA,option,R,125
E002199,2026-08-04 10:06:00,M10,MSFT,equity,R,25000
E002200,2026-08-03 13:21:00,M10,NVDA,equity,A,25000
E002201,2026-08-20 10:11:00,M10,AAPL,equity,R,10000
E002202,2026-08-06 14:27:00,M10,QQQ,etf,A,25000
E002203,2026-08-10 13:52:00,M10,SPY,etf,A,50000
E002204,2026-08-16 14:23:00,M10,NVDA,equity,R,10000
E002205,2026-08-26 09:55:00,M10,AAPL,equity,R,50000
E002206,2026-08-05 11:09:00,M10,SPY,etf,A,10000
E002207,2026-08-27 09:07:00,M10,JPM,equity,R,50000
E002208,2026-08-05 09:20:00,M10,NVDA,equity,R,45000
E002209,2026-08-11 12:27:00,M10,JPM,option,R,190
E002210,2026-08-26 14:21:00,M10,JPM,option,A,318
E002211,2026-08-14 13:31:00,M10,MSFT,option,R,206
E002212,2026-08-18 15:14:00,M10,JPM,option,A,282
E002213,2026-08-19 15:44:00,M10,JPM,option,R,279
E002214,2026-08-03 10:23:00,M10,MSFT,option,A,369
E002215,2026-08-18 12:08:00,M10,AAPL,option,R,195
E002216,2026-08-28 15:55:00,M11,NVDA,equity,R,25000
E002217,2026-08-15 10:53:00,M11,NVDA,equity,R,10000
E002218,2026-08-07 15:14:00,M11,MSFT,equity,A,25000
E002219,2026-08-23 14:09:00,M11,AAPL,equity,A,10000
E002220,2026-08-14 11:03:00,M11,SPY,etf,R,10000
E002221,2026-08-03 12:53:00,M11,QQQ,etf,R,50000
E002222,2026-08-05 11:09:00,M11,AAPL,equity,A,10000
E002223,2026-08-19 15:52:00,M11,AAPL,equity,R,10000
E002224,2026-08-24 10:47:00,M11,JPM,equity,R,10000
E002225,2026-08-14 14:21:00,M11,JPM,equity,R,25000
E002226,2026-08-01 11:07:00,M11,SPY,etf,A,50000
E002227,2026-08-20 15:11:00,M11,AAPL,equity,R,50000
E002228,2026-08-27 12:43:00,M11,JPM,equity,R,10000
E002229,2026-08-23 15:16:00,M11,QQQ,etf,R,5000
E002230,2026-08-08 12:59:00,M11,NVDA,option,A,373
E002231,2026-08-13 10:47:00,M11,AAPL,option,A,277
E002232,2026-08-13 10:52:00,M11,AAPL,option,R,122
E002233,2026-08-23 12:30:00,M11,AAPL,option,A,428
E002234,2026-08-13 10:03:00,M11,JPM,option,R,433
E002235,2026-08-09 09:06:00,M11,JPM,option,A,109
E002236,2026-08-08 11:10:00,M11,NVDA,option,R,24
E002237,2026-08-20 09:48:00,M11,AAPL,option,R,118
E002238,2026-08-07 14:59:00,M11,MSFT,option,A,292
E002239,2026-08-19 13:02:00,M11,NVDA,option,R,53
E002240,2026-08-02 11:05:00,M11,JPM,option,R,33
E002241,2026-08-25 11:25:00,M11,AAPL,option,R,192
E002242,2026-08-13 14:22:00,M11,NVDA,option,R,394
E002243,2026-08-11 12:57:00,M12,AAPL,equity,R,50000
E002244,2026-08-26 15:09:00,M12,QQQ,etf,A,10000
E002245,2026-08-19 15:54:00,M12,JPM,equity,A,25000
E002246,2026-08-22 12:05:00,M12,MSFT,equity,R,10000
E002247,2026-08-08 10:51:00,M12,SPY,etf,R,10000
E002248,2026-08-06 13:33:00,M12,SPY,etf,R,10000
E002249,2026-08-17 15:21:00,M12,SPY,etf,R,50000
E002250,2026-08-10 11:39:00,M12,NVDA,equity,R,10000
E002251,2026-08-23 15:43:00,M12,AAPL,equity,A,25000
E002252,2026-08-20 09:09:00,M12,QQQ,etf,R,10000
E002253,2026-08-26 09:09:00,M12,AAPL,equity,R,25000
E002254,2026-08-28 15:50:00,M12,QQQ,etf,R,25000
E002255,2026-08-15 11:10:00,M12,AAPL,equity,R,25000
E002256,2026-08-09 13:23:00,M12,AAPL,equity,A,10000
E002257,2026-08-23 15:29:00,M12,MSFT,equity,A,10000
E002258,2026-08-25 12:41:00,M12,NVDA,equity,R,25000
E002259,2026-08-16 09:23:00,M12,QQQ,etf,R,10000
E002260,2026-08-28 13:58:00,M12,JPM,equity,R,25000
E002261,2026-08-17 15:39:00,M12,NVDA,equity,R,25000
E002262,2026-08-22 12:32:00,M12,AAPL,equity,R,25000
E002263,2026-08-20 14:03:00,M12,AAPL,equity,R,50000
E002264,2026-08-27 13:00:00,M12,SPY,etf,A,10000
E002265,2026-08-13 10:36:00,M12,NVDA,equity,A,10000
E002266,2026-08-13 15:29:00,M12,MSFT,equity,R,10000
E002267,2026-08-15 14:34:00,M12,JPM,equity,R,25000
E002268,2026-08-03 10:46:00,M12,AAPL,equity,A,25000
E002269,2026-08-07 12:21:00,M12,JPM,equity,A,25000
E002270,2026-08-16 10:44:00,M12,QQQ,etf,R,25000
E002271,2026-08-15 09:34:00,M12,NVDA,equity,A,10000
E002272,2026-08-21 10:20:00,M12,MSFT,equity,R,25000
E002273,2026-08-02 15:23:00,M12,JPM,equity,R,50000
E002274,2026-08-02 10:55:00,M12,MSFT,equity,A,25000
E002275,2026-08-09 11:40:00,M12,JPM,equity,A,50000
E002276,2026-08-09 12:05:00,M12,AAPL,equity,A,10000
E002277,2026-08-28 12:33:00,M12,JPM,equity,A,50000
E002278,2026-08-27 09:05:00,M12,MSFT,equity,R,25000
E002279,2026-08-25 11:10:00,M12,NVDA,equity,A,25000
E002280,2026-08-16 13:44:00,M12,JPM,equity,R,25000
E002281,2026-08-12 14:36:00,M12,JPM,equity,A,50000
E002282,2026-08-26 13:12:00,M12,QQQ,etf,A,10000
E002283,2026-08-20 10:20:00,M12,QQQ,etf,R,50000
E002284,2026-08-27 14:46:00,M12,SPY,etf,A,50000
E002285,2026-08-05 12:55:00,M12,JPM,equity,A,10000
E002286,2026-08-09 13:46:00,M12,JPM,equity,A,50000
E002287,2026-08-21 12:40:00,M12,MSFT,equity,R,25000
E002288,2026-08-07 14:12:00,M12,AAPL,equity,R,10000
E002289,2026-08-20 12:13:00,M12,MSFT,equity,A,50000
E002290,2026-08-19 09:23:00,M12,SPY,etf,R,10000
E002291,2026-08-10 13:52:00,M12,NVDA,equity,R,10000
E002292,2026-08-21 12:26:00,M12,JPM,equity,R,50000
E002293,2026-08-14 13:48:00,M12,QQQ,etf,A,25000
E002294,2026-08-14 11:11:00,M12,JPM,equity,R,10000
E002295,2026-08-14 12:18:00,M12,QQQ,etf,R,10000
E002296,2026-08-14 14:18:00,M12,SPY,etf,R,50000
E002297,2026-08-26 15:06:00,M12,AAPL,equity,A,10000
E002298,2026-08-14 09:31:00,M12,QQQ,etf,R,10000
E002299,2026-08-04 14:28:00,M12,QQQ,etf,R,50000
E002300,2026-08-10 15:26:00,M12,SPY,etf,A,10000
E002301,2026-08-13 09:12:00,M12,QQQ,etf,R,25000
E002302,2026-08-26 12:26:00,M12,NVDA,equity,R,10000
E002303,2026-08-26 14:25:00,M12,SPY,etf,A,50000
E002304,2026-08-17 11:17:00,M12,MSFT,equity,R,25000
E002305,2026-08-27 15:58:00,M12,NVDA,equity,R,25000
E002306,2026-08-14 09:00:00,M12,AAPL,equity,A,10000
E002307,2026-08-27 14:38:00,M12,QQQ,etf,A,25000
E002308,2026-08-14 10:35:00,M12,QQQ,etf,R,10000
E002309,2026-08-21 12:53:00,M12,QQQ,etf,A,10000
E002310,2026-08-05 14:24:00,M12,JPM,equity,R,50000
E002311,2026-08-11 13:10:00,M12,JPM,equity,R,10000
E002312,2026-08-26 10:32:00,M12,SPY,etf,A,10000
E002313,2026-08-27 15:40:00,M12,JPM,equity,R,50000
E002314,2026-08-11 10:05:00,M12,MSFT,equity,A,50000
E002315,2026-08-21 15:37:00,M12,AAPL,equity,A,25000
E002316,2026-08-18 09:36:00,M12,SPY,etf,A,50000
E002317,2026-08-05 12:40:00,M12,SPY,etf,R,50000
E002318,2026-08-08 14:57:00,M12,MSFT,equity,A,25000
E002319,2026-08-27 10:46:00,M12,QQQ,etf,R,10000
E002320,2026-08-22 09:17:00,M12,NVDA,equity,A,25000
E002321,2026-08-01 14:37:00,M12,SPY,etf,R,10000
E002322,2026-08-20 09:06:00,M12,JPM,equity,A,10000
E002323,2026-08-03 09:31:00,M12,MSFT,equity,R,25000
E002324,2026-08-04 12:50:00,M12,JPM,equity,A,10000
E002325,2026-08-21 09:13:00,M12,JPM,equity,R,10000
E002326,2026-08-21 12:51:00,M12,NVDA,equity,A,25000
E002327,2026-08-06 14:36:00,M12,AAPL,equity,R,25000
E002328,2026-08-11 11:30:00,M12,AAPL,equity,R,10000
E002329,2026-08-01 10:33:00,M12,QQQ,etf,R,50000
E002330,2026-08-20 09:34:00,M12,MSFT,equity,A,10000
E002331,2026-08-07 15:23:00,M12,MSFT,equity,A,50000
E002332,2026-08-11 10:14:00,M12,AAPL,equity,A,10000
E002333,2026-08-09 11:30:00,M12,MSFT,equity,A,50000
E002334,2026-08-23 13:41:00,M12,NVDA,equity,A,10000
E002335,2026-08-14 13:25:00,M12,JPM,equity,R,50000
E002336,2026-08-07 14:54:00,M12,MSFT,equity,R,25000
E002337,2026-08-04 13:50:00,M12,JPM,equity,R,25000
E002338,2026-08-26 10:46:00,M12,MSFT,equity,R,25000
E002339,2026-08-20 14:17:00,M12,JPM,equity,R,25000
E002340,2026-08-20 12:27:00,M12,AAPL,equity,A,50000
E002341,2026-08-21 15:04:00,M12,NVDA,equity,R,25000
E002342,2026-08-09 13:26:00,M12,QQQ,etf,A,10000
E002343,2026-08-12 12:01:00,M12,QQQ,etf,A,50000
E002344,2026-08-26 10:22:00,M12,JPM,equity,A,25000
E002345,2026-08-12 11:09:00,M12,SPY,etf,R,10000
E002346,2026-08-11 14:00:00,M12,AAPL,equity,R,10000
E002347,2026-08-19 15:20:00,M12,JPM,equity,R,10000
E002348,2026-08-13 11:38:00,M12,AAPL,equity,A,50000
E002349,2026-08-18 11:45:00,M12,AAPL,equity,R,10000
E002350,2026-08-19 14:26:00,M12,AAPL,equity,R,50000
E002351,2026-08-27 11:12:00,M12,NVDA,equity,A,25000
E002352,2026-08-02 11:26:00,M12,JPM,equity,A,25000
E002353,2026-08-20 11:37:00,M12,MSFT,equity,A,25000
E002354,2026-08-10 09:41:00,M12,AAPL,equity,R,50000
E002355,2026-08-15 11:08:00,M12,AAPL,equity,R,50000
E002356,2026-08-18 13:02:00,M12,AAPL,equity,A,25000
E002357,2026-08-16 09:53:00,M12,AAPL,equity,R,10000
E002358,2026-08-09 11:48:00,M12,NVDA,equity,A,50000
E002359,2026-08-25 11:31:00,M12,QQQ,etf,R,10000
E002360,2026-08-23 12:31:00,M12,NVDA,equity,R,25000
E002361,2026-08-20 09:01:00,M12,NVDA,equity,A,10000
E002362,2026-08-04 11:55:00,M12,MSFT,equity,R,10000
E002363,2026-08-06 09:12:00,M12,MSFT,equity,R,25000
E002364,2026-08-01 14:55:00,M12,QQQ,etf,A,25000
E002365,2026-08-02 11:04:00,M12,AAPL,equity,A,10000
E002366,2026-08-26 15:24:00,M12,QQQ,etf,A,50000
E002367,2026-08-19 12:07:00,M12,MSFT,equity,A,10000
E002368,2026-08-28 12:40:00,M12,QQQ,etf,R,10000
E002369,2026-08-17 10:36:00,M12,QQQ,etf,R,10000
E002370,2026-08-11 15:46:00,M12,NVDA,equity,R,25000
E002371,2026-08-25 11:45:00,M12,NVDA,equity,A,10000
E002372,2026-08-22 14:47:00,M12,MSFT,equity,R,50000
E002373,2026-08-03 12:03:00,M12,AAPL,equity,A,50000
E002374,2026-08-15 15:24:00,M12,MSFT,equity,A,50000
E002375,2026-08-07 15:37:00,M12,NVDA,equity,R,10000
E002376,2026-08-25 11:45:00,M12,NVDA,equity,R,50000
E002377,2026-08-04 10:14:00,M12,QQQ,etf,R,10000
E002378,2026-08-28 13:32:00,M12,JPM,equity,A,25000
E002379,2026-08-03 11:27:00,M12,MSFT,equity,A,25000
E002380,2026-08-21 09:09:00,M12,QQQ,etf,R,25000
E002381,2026-08-04 10:01:00,M12,SPY,etf,R,10000
E002382,2026-08-01 12:42:00,M12,NVDA,equity,R,10000
E002383,2026-08-04 13:05:00,M12,NVDA,equity,A,25000
E002384,2026-08-13 13:27:00,M12,MSFT,equity,R,10000
E002385,2026-08-09 11:06:00,M12,JPM,equity,A,10000
E002386,2026-08-14 10:18:00,M12,SPY,etf,A,25000
E002387,2026-08-09 13:38:00,M12,QQQ,etf,R,10000
E002388,2026-08-22 09:41:00,M12,AAPL,equity,A,25000
E002389,2026-08-04 09:57:00,M12,MSFT,equity,A,10000
E002390,2026-08-03 13:06:00,M12,MSFT,equity,A,25000
E002391,2026-08-23 12:25:00,M12,SPY,etf,A,50000
E002392,2026-08-27 14:17:00,M12,SPY,etf,R,10000
E002393,2026-08-12 14:18:00,M12,MSFT,equity,R,10000
E002394,2026-08-01 09:11:00,M12,SPY,etf,R,25000
E002395,2026-08-16 14:19:00,M12,QQQ,etf,R,50000
E002396,2026-08-06 11:43:00,M12,MSFT,equity,A,50000
E002397,2026-08-15 10:00:00,M12,NVDA,equity,R,10000
E002398,2026-08-01 10:16:00,M12,NVDA,equity,R,25000
E002399,2026-08-25 15:00:00,M12,SPY,etf,R,10000
E002400,2026-08-01 12:55:00,M12,QQQ,etf,A,25000
E002401,2026-08-27 09:36:00,M12,AAPL,equity,R,10000
E002402,2026-08-17 13:10:00,M12,MSFT,equity,R,25000
E002403,2026-08-10 15:47:00,M12,AAPL,equity,A,10000
E002404,2026-08-12 13:16:00,M12,SPY,etf,R,25000
E002405,2026-08-15 09:52:00,M12,NVDA,equity,A,25000
E002406,2026-08-17 15:42:00,M12,NVDA,equity,R,50000
E002407,2026-08-04 11:43:00,M12,JPM,equity,R,50000
E002408,2026-08-05 12:54:00,M12,AAPL,equity,A,50000
E002409,2026-08-16 09:15:00,M12,NVDA,equity,R,10000
E002410,2026-08-12 10:47:00,M12,JPM,equity,A,50000
E002411,2026-08-04 11:56:00,M12,SPY,etf,R,25000
E002412,2026-08-17 10:16:00,M12,JPM,equity,R,50000
E002413,2026-08-13 13:26:00,M12,NVDA,equity,R,25000
E002414,2026-08-07 09:37:00,M12,NVDA,equity,R,25000
E002415,2026-08-04 12:50:00,M12,QQQ,etf,R,25000
E002416,2026-08-04 09:31:00,M12,NVDA,equity,R,25000
E002417,2026-08-22 10:33:00,M12,JPM,equity,R,10000
E002418,2026-08-22 10:19:00,M12,QQQ,etf,R,50000
E002419,2026-08-01 12:02:00,M12,NVDA,equity,A,10000
E002420,2026-08-02 12:19:00,M12,AAPL,equity,A,50000
E002421,2026-08-27 09:03:00,M12,SPY,etf,A,25000
E002422,2026-08-26 15:32:00,M12,NVDA,equity,R,25000
E002423,2026-08-03 14:17:00,M12,MSFT,equity,A,50000
E002424,2026-08-14 13:58:00,M12,MSFT,equity,A,50000
E002425,2026-08-16 11:15:00,M12,AAPL,equity,R,10000
E002426,2026-08-14 12:57:00,M12,JPM,equity,A,50000
E002427,2026-08-20 11:11:00,M12,NVDA,equity,R,25000
E002428,2026-08-26 13:08:00,M12,NVDA,equity,R,50000
E002429,2026-08-05 12:35:00,M12,NVDA,equity,A,10000
E002430,2026-08-10 13:59:00,M12,AAPL,equity,R,25000
E002431,2026-08-13 15:56:00,M12,MSFT,equity,R,50000
E002432,2026-08-17 12:44:00,M12,MSFT,equity,A,10000
E002433,2026-08-12 12:22:00,M12,SPY,etf,R,50000
E002434,2026-08-15 09:58:00,M12,JPM,equity,R,25000
E002435,2026-08-25 10:39:00,M12,AAPL,equity,R,25000
E002436,2026-08-17 11:08:00,M12,QQQ,etf,R,10000
E002437,2026-08-02 15:54:00,M12,NVDA,equity,A,50000
E002438,2026-08-01 12:51:00,M12,SPY,etf,R,25000
E002439,2026-08-27 09:05:00,M12,JPM,equity,A,50000
E002440,2026-08-11 13:06:00,M12,AAPL,equity,R,50000
E002441,2026-08-23 11:55:00,M12,JPM,equity,A,50000
E002442,2026-08-22 13:47:00,M12,QQQ,etf,R,50000
E002443,2026-08-17 10:35:00,M12,MSFT,equity,R,50000
E002444,2026-08-08 14:40:00,M12,MSFT,equity,R,25000
E002445,2026-08-10 14:59:00,M12,SPY,etf,A,25000
E002446,2026-08-23 10:07:00,M12,QQQ,etf,A,25000
E002447,2026-08-04 13:06:00,M12,QQQ,etf,A,10000
E002448,2026-08-01 15:32:00,M12,JPM,equity,R,10000
E002449,2026-08-10 12:30:00,M12,AAPL,equity,R,10000
E002450,2026-08-09 15:39:00,M12,QQQ,etf,R,10000
E002451,2026-08-04 12:09:00,M12,QQQ,etf,R,50000
E002452,2026-08-27 14:42:00,M12,MSFT,equity,A,10000
E002453,2026-08-23 13:12:00,M12,SPY,etf,R,50000
E002454,2026-08-22 09:37:00,M12,NVDA,equity,R,25000
E002455,2026-08-13 12:44:00,M12,NVDA,equity,R,50000
E002456,2026-08-27 12:09:00,M12,JPM,equity,A,25000
E002457,2026-08-19 12:00:00,M12,AAPL,equity,R,25000
E002458,2026-08-21 14:39:00,M12,SPY,etf,R,10000
E002459,2026-08-15 14:29:00,M12,MSFT,equity,A,25000
E002460,2026-08-17 15:55:00,M12,NVDA,equity,R,10000
E002461,2026-08-17 12:32:00,M12,SPY,etf,A,25000
E002462,2026-08-12 14:46:00,M12,MSFT,equity,R,50000
E002463,2026-08-28 15:08:00,M12,SPY,etf,A,25000
E002464,2026-08-13 09:58:00,M12,NVDA,equity,R,50000
E002465,2026-08-16 13:42:00,M12,JPM,equity,A,25000
E002466,2026-08-25 14:33:00,M12,QQQ,etf,A,50000
E002467,2026-08-19 13:22:00,M12,NVDA,equity,R,50000
E002468,2026-08-02 09:54:00,M12,AAPL,equity,R,25000
E002469,2026-08-22 09:31:00,M12,AAPL,equity,R,10000
E002470,2026-08-25 10:49:00,M12,NVDA,equity,R,25000
E002471,2026-08-04 10:46:00,M12,MSFT,equity,R,50000
E002472,2026-08-02 13:16:00,M12,AAPL,equity,A,25000
E002473,2026-08-15 15:23:00,M12,AAPL,equity,R,50000
E002474,2026-08-11 09:44:00,M12,MSFT,equity,R,10000
E002475,2026-08-19 13:12:00,M12,SPY,etf,A,10000
E002476,2026-08-22 11:14:00,M12,JPM,equity,A,25000
E002477,2026-08-27 13:51:00,M12,JPM,equity,R,10000
E002478,2026-08-01 14:42:00,M12,QQQ,etf,A,10000
E002479,2026-08-01 11:49:00,M12,MSFT,equity,R,10000
E002480,2026-08-11 10:43:00,M12,AAPL,equity,R,50000
E002481,2026-08-17 12:12:00,M12,SPY,etf,R,50000
E002482,2026-08-17 11:22:00,M12,JPM,equity,R,50000
E002483,2026-08-26 09:28:00,M12,MSFT,equity,R,50000
E002484,2026-08-19 09:08:00,M12,AAPL,equity,R,5000
E002485,2026-08-16 10:03:00,M12,AAPL,option,R,70
E002486,2026-08-08 15:18:00,M12,NVDA,option,R,21
E002487,2026-08-23 11:04:00,M12,NVDA,option,R,209
E002488,2026-08-03 13:36:00,M12,MSFT,option,A,157
E002489,2026-08-20 09:34:00,M12,NVDA,option,R,214
E002490,2026-08-16 11:41:00,M12,AAPL,option,A,308
E002491,2026-08-09 10:21:00,M12,NVDA,option,R,225
E002492,2026-08-07 13:52:00,M12,AAPL,option,R,81
E002493,2026-08-16 09:51:00,M12,AAPL,option,R,130
E002494,2026-09-12 09:26:00,M01,AAPL,equity,R,50000
E002495,2026-09-18 12:08:00,M01,AAPL,equity,A,50000
E002496,2026-09-02 12:32:00,M01,AAPL,equity,A,10000
E002497,2026-09-16 11:50:00,M01,JPM,equity,R,25000
E002498,2026-09-02 09:49:00,M01,AAPL,equity,R,10000
E002499,2026-09-20 15:24:00,M01,QQQ,etf,R,10000
E002500,2026-09-18 12:03:00,M01,AAPL,equity,A,50000
E002501,2026-09-05 12:44:00,M01,SPY,etf,R,25000
E002502,2026-09-15 09:57:00,M01,AAPL,equity,R,10000
E002503,2026-09-07 11:27:00,M01,NVDA,equity,R,25000
E002504,2026-09-03 13:00:00,M01,MSFT,equity,A,10000
E002505,2026-09-19 09:51:00,M01,QQQ,etf,A,50000
E002506,2026-09-27 09:04:00,M01,MSFT,equity,A,50000
E002507,2026-09-10 09:20:00,M01,MSFT,equity,A,25000
E002508,2026-09-10 10:38:00,M01,MSFT,equity,A,50000
E002509,2026-09-22 09:04:00,M01,AAPL,equity,A,50000
E002510,2026-09-16 14:47:00,M01,MSFT,equity,R,50000
E002511,2026-09-23 11:23:00,M01,JPM,equity,R,10000
E002512,2026-09-08 13:57:00,M01,SPY,etf,A,25000
E002513,2026-09-17 09:03:00,M01,QQQ,etf,A,50000
E002514,2026-09-20 12:17:00,M01,SPY,etf,A,25000
E002515,2026-09-08 11:47:00,M01,QQQ,etf,R,10000
E002516,2026-09-24 15:50:00,M01,NVDA,equity,A,10000
E002517,2026-09-15 14:48:00,M01,SPY,etf,R,10000
E002518,2026-09-16 15:02:00,M01,AAPL,equity,A,10000
E002519,2026-09-10 15:05:00,M01,JPM,equity,A,50000
E002520,2026-09-16 09:55:00,M01,JPM,equity,A,50000
E002521,2026-09-08 10:24:00,M01,AAPL,equity,A,25000
E002522,2026-09-02 14:19:00,M01,QQQ,etf,A,25000
E002523,2026-09-20 15:57:00,M01,AAPL,equity,A,25000
E002524,2026-09-07 15:01:00,M01,QQQ,etf,A,25000
E002525,2026-09-28 12:50:00,M01,JPM,equity,R,50000
E002526,2026-09-26 09:35:00,M01,AAPL,equity,A,50000
E002527,2026-09-10 15:34:00,M01,SPY,etf,R,50000
E002528,2026-09-19 15:33:00,M01,SPY,etf,A,50000
E002529,2026-09-24 10:08:00,M01,JPM,equity,R,25000
E002530,2026-09-09 09:15:00,M01,SPY,etf,R,25000
E002531,2026-09-19 12:02:00,M01,NVDA,equity,R,25000
E002532,2026-09-22 11:50:00,M01,NVDA,equity,R,25000
E002533,2026-09-04 11:36:00,M01,AAPL,equity,R,50000
E002534,2026-09-15 12:01:00,M01,MSFT,equity,R,25000
E002535,2026-09-12 12:40:00,M01,AAPL,equity,R,25000
E002536,2026-09-02 13:05:00,M01,JPM,equity,A,10000
E002537,2026-09-11 09:28:00,M01,QQQ,etf,A,50000
E002538,2026-09-28 12:08:00,M01,NVDA,equity,A,25000
E002539,2026-09-28 13:41:00,M01,MSFT,equity,A,10000
E002540,2026-09-02 10:43:00,M01,SPY,etf,R,10000
E002541,2026-09-11 09:35:00,M01,QQQ,etf,R,25000
E002542,2026-09-09 11:01:00,M01,SPY,etf,R,10000
E002543,2026-09-23 09:38:00,M01,QQQ,etf,A,25000
E002544,2026-09-17 12:07:00,M01,AAPL,equity,R,10000
E002545,2026-09-11 13:23:00,M01,MSFT,equity,R,10000
E002546,2026-09-03 14:27:00,M01,JPM,equity,R,50000
E002547,2026-09-11 13:50:00,M01,AAPL,equity,A,10000
E002548,2026-09-12 12:18:00,M01,SPY,etf,R,25000
E002549,2026-09-02 11:59:00,M01,NVDA,equity,A,10000
E002550,2026-09-04 13:13:00,M01,AAPL,equity,R,50000
E002551,2026-09-25 14:32:00,M01,SPY,etf,R,50000
E002552,2026-09-07 12:53:00,M01,NVDA,equity,R,50000
E002553,2026-09-05 12:48:00,M01,SPY,etf,R,50000
E002554,2026-09-08 13:32:00,M01,AAPL,equity,R,10000
E002555,2026-09-24 12:34:00,M01,QQQ,etf,R,50000
E002556,2026-09-20 12:42:00,M01,AAPL,equity,R,50000
E002557,2026-09-09 10:53:00,M01,NVDA,equity,R,25000
E002558,2026-09-08 15:49:00,M01,NVDA,equity,R,10000
E002559,2026-09-11 14:07:00,M01,JPM,equity,R,10000
E002560,2026-09-14 11:05:00,M01,SPY,etf,A,25000
E002561,2026-09-12 14:30:00,M01,AAPL,equity,R,50000
E002562,2026-09-08 13:52:00,M01,JPM,equity,R,25000
E002563,2026-09-08 15:58:00,M01,QQQ,etf,R,10000
E002564,2026-09-05 13:16:00,M01,SPY,etf,R,50000
E002565,2026-09-04 09:26:00,M01,NVDA,equity,R,25000
E002566,2026-09-16 14:56:00,M01,QQQ,etf,R,10000
E002567,2026-09-01 10:07:00,M01,JPM,equity,R,10000
E002568,2026-09-16 14:06:00,M01,SPY,etf,A,50000
E002569,2026-09-01 14:10:00,M01,JPM,equity,R,10000
E002570,2026-09-28 13:58:00,M01,QQQ,etf,A,10000
E002571,2026-09-05 12:44:00,M01,NVDA,equity,R,25000
E002572,2026-09-04 11:57:00,M01,NVDA,equity,R,50000
E002573,2026-09-20 13:06:00,M01,QQQ,etf,R,25000
E002574,2026-09-24 11:28:00,M01,AAPL,equity,R,10000
E002575,2026-09-24 15:27:00,M01,JPM,equity,A,50000
E002576,2026-09-05 14:11:00,M01,SPY,etf,R,25000
E002577,2026-09-03 10:57:00,M01,QQQ,etf,A,50000
E002578,2026-09-22 14:29:00,M01,NVDA,equity,A,50000
E002579,2026-09-17 14:37:00,M01,MSFT,equity,A,25000
E002580,2026-09-10 12:21:00,M01,MSFT,equity,A,10000
E002581,2026-09-19 13:54:00,M01,QQQ,etf,R,50000
E002582,2026-09-13 11:48:00,M01,NVDA,equity,A,25000
E002583,2026-09-27 14:56:00,M01,AAPL,equity,R,10000
E002584,2026-09-17 11:36:00,M01,JPM,equity,R,10000
E002585,2026-09-12 11:10:00,M01,AAPL,equity,A,25000
E002586,2026-09-15 10:56:00,M01,JPM,equity,A,25000
E002587,2026-09-25 09:59:00,M01,QQQ,etf,A,25000
E002588,2026-09-04 10:35:00,M01,MSFT,equity,R,25000
E002589,2026-09-20 09:57:00,M01,AAPL,equity,R,10000
E002590,2026-09-16 15:52:00,M01,AAPL,equity,A,10000
E002591,2026-09-19 12:46:00,M01,NVDA,equity,R,10000
E002592,2026-09-10 09:45:00,M01,JPM,equity,R,10000
E002593,2026-09-14 12:16:00,M01,JPM,equity,A,10000
E002594,2026-09-24 14:07:00,M01,NVDA,equity,R,10000
E002595,2026-09-26 10:46:00,M01,SPY,etf,A,10000
E002596,2026-09-11 11:29:00,M01,QQQ,etf,R,10000
E002597,2026-09-25 09:45:00,M01,SPY,etf,R,50000
E002598,2026-09-04 14:50:00,M01,JPM,equity,R,10000
E002599,2026-09-22 15:56:00,M01,QQQ,etf,R,10000
E002600,2026-09-01 10:08:00,M01,SPY,etf,R,50000
E002601,2026-09-07 11:30:00,M01,SPY,etf,A,10000
E002602,2026-09-16 11:08:00,M01,SPY,etf,A,10000
E002603,2026-09-28 14:47:00,M01,QQQ,etf,A,10000
E002604,2026-09-16 13:39:00,M01,AAPL,equity,A,25000
E002605,2026-09-14 14:16:00,M01,AAPL,equity,R,10000
E002606,2026-09-08 14:22:00,M01,QQQ,etf,R,50000
E002607,2026-09-10 15:14:00,M01,MSFT,equity,R,50000
E002608,2026-09-16 15:40:00,M01,JPM,equity,A,50000
E002609,2026-09-16 11:06:00,M01,QQQ,etf,A,25000
E002610,2026-09-15 11:15:00,M01,JPM,equity,R,25000
E002611,2026-09-15 11:42:00,M01,MSFT,equity,A,10000
E002612,2026-09-23 10:49:00,M01,JPM,equity,R,50000
E002613,2026-09-14 14:15:00,M01,QQQ,etf,A,25000
E002614,2026-09-07 15:50:00,M01,QQQ,etf,R,25000
E002615,2026-09-09 14:20:00,M01,NVDA,equity,R,50000
E002616,2026-09-13 11:58:00,M01,JPM,equity,A,25000
E002617,2026-09-08 11:40:00,M01,SPY,etf,R,25000
E002618,2026-09-14 10:36:00,M01,JPM,equity,R,25000
E002619,2026-09-25 14:07:00,M01,MSFT,equity,R,50000
E002620,2026-09-11 10:38:00,M01,QQQ,etf,R,50000
E002621,2026-09-26 12:05:00,M01,AAPL,equity,R,50000
E002622,2026-09-25 15:35:00,M01,NVDA,equity,A,25000
E002623,2026-09-07 11:34:00,M01,QQQ,etf,A,10000
E002624,2026-09-13 15:45:00,M01,QQQ,etf,A,10000
E002625,2026-09-11 12:13:00,M01,NVDA,equity,R,10000
E002626,2026-09-02 15:01:00,M01,AAPL,equity,R,10000
E002627,2026-09-17 12:50:00,M01,AAPL,equity,R,50000
E002628,2026-09-10 09:14:00,M01,NVDA,equity,R,10000
E002629,2026-09-02 11:47:00,M01,MSFT,equity,A,50000
E002630,2026-09-13 10:52:00,M01,SPY,etf,R,25000
E002631,2026-09-03 09:32:00,M01,AAPL,equity,R,25000
E002632,2026-09-01 09:47:00,M01,JPM,equity,R,50000
E002633,2026-09-04 14:37:00,M01,MSFT,equity,R,50000
E002634,2026-09-28 11:50:00,M01,QQQ,etf,A,10000
E002635,2026-09-01 11:17:00,M01,SPY,etf,R,50000
E002636,2026-09-21 13:30:00,M01,NVDA,equity,A,10000
E002637,2026-09-08 12:35:00,M01,AAPL,equity,A,25000
E002638,2026-09-18 13:15:00,M01,SPY,etf,A,25000
E002639,2026-09-13 11:48:00,M01,SPY,etf,R,25000
E002640,2026-09-08 13:01:00,M01,JPM,equity,A,10000
E002641,2026-09-12 12:36:00,M01,JPM,equity,A,10000
E002642,2026-09-05 15:40:00,M01,NVDA,equity,R,25000
E002643,2026-09-06 10:55:00,M01,QQQ,etf,R,10000
E002644,2026-09-03 10:25:00,M01,MSFT,equity,R,50000
E002645,2026-09-24 15:36:00,M01,QQQ,etf,R,25000
E002646,2026-09-09 12:19:00,M01,JPM,equity,R,10000
E002647,2026-09-11 14:36:00,M01,AAPL,equity,R,10000
E002648,2026-09-23 10:48:00,M01,NVDA,equity,R,10000
E002649,2026-09-16 11:41:00,M01,QQQ,etf,A,25000
E002650,2026-09-16 13:35:00,M01,SPY,etf,R,25000
E002651,2026-09-04 12:44:00,M01,AAPL,equity,A,50000
E002652,2026-09-06 13:47:00,M01,AAPL,equity,A,10000
E002653,2026-09-28 09:02:00,M01,JPM,equity,R,10000
E002654,2026-09-21 15:33:00,M01,MSFT,equity,R,25000
E002655,2026-09-14 12:00:00,M01,QQQ,etf,A,50000
E002656,2026-09-24 14:17:00,M01,NVDA,equity,R,25000
E002657,2026-09-19 14:10:00,M01,NVDA,equity,A,50000
E002658,2026-09-07 15:39:00,M01,SPY,etf,R,50000
E002659,2026-09-20 11:30:00,M01,QQQ,etf,R,25000
E002660,2026-09-24 15:59:00,M01,SPY,etf,A,25000
E002661,2026-09-27 12:00:00,M01,SPY,etf,A,50000
E002662,2026-09-16 09:00:00,M01,MSFT,equity,A,10000
E002663,2026-09-23 09:34:00,M01,MSFT,equity,R,10000
E002664,2026-09-20 12:38:00,M01,AAPL,equity,A,10000
E002665,2026-09-18 10:22:00,M01,SPY,etf,R,25000
E002666,2026-09-10 15:58:00,M01,NVDA,equity,R,10000
E002667,2026-09-10 11:39:00,M01,SPY,etf,R,50000
E002668,2026-09-18 14:42:00,M01,QQQ,etf,A,25000
E002669,2026-09-04 14:13:00,M01,MSFT,equity,A,50000
E002670,2026-09-04 10:51:00,M01,QQQ,etf,R,25000
E002671,2026-09-11 13:49:00,M01,JPM,equity,R,50000
E002672,2026-09-26 14:55:00,M01,NVDA,equity,R,50000
E002673,2026-09-06 09:50:00,M01,MSFT,equity,A,25000
E002674,2026-09-26 13:09:00,M01,AAPL,equity,A,10000
E002675,2026-09-11 09:57:00,M01,AAPL,equity,R,25000
E002676,2026-09-26 12:27:00,M01,QQQ,etf,R,10000
E002677,2026-09-17 15:07:00,M01,NVDA,equity,A,25000
E002678,2026-09-25 12:45:00,M01,JPM,equity,R,25000
E002679,2026-09-11 13:05:00,M01,QQQ,etf,R,25000
E002680,2026-09-21 15:17:00,M01,MSFT,equity,R,10000
E002681,2026-09-15 12:44:00,M01,QQQ,etf,R,25000
E002682,2026-09-18 12:41:00,M01,AAPL,equity,A,50000
E002683,2026-09-28 12:49:00,M01,NVDA,equity,R,10000
E002684,2026-09-07 13:35:00,M01,JPM,equity,R,50000
E002685,2026-09-12 10:59:00,M01,JPM,equity,R,10000
E002686,2026-09-15 11:33:00,M01,MSFT,equity,A,10000
E002687,2026-09-11 09:58:00,M01,NVDA,equity,A,50000
E002688,2026-09-01 13:17:00,M01,QQQ,etf,A,25000
E002689,2026-09-16 12:02:00,M01,SPY,etf,R,25000
E002690,2026-09-09 14:03:00,M01,NVDA,equity,R,50000
E002691,2026-09-16 13:40:00,M01,SPY,etf,R,10000
E002692,2026-09-24 15:41:00,M01,JPM,equity,R,10000
E002693,2026-09-12 09:39:00,M01,AAPL,equity,R,10000
E002694,2026-09-24 10:55:00,M01,SPY,etf,R,10000
E002695,2026-09-27 15:07:00,M01,JPM,equity,A,10000
E002696,2026-09-02 11:06:00,M01,SPY,etf,R,50000
E002697,2026-09-21 13:47:00,M01,MSFT,equity,A,25000
E002698,2026-09-23 10:57:00,M01,NVDA,equity,R,50000
E002699,2026-09-17 09:42:00,M01,NVDA,equity,R,50000
E002700,2026-09-02 09:12:00,M01,SPY,etf,R,50000
E002701,2026-09-24 11:05:00,M01,MSFT,equity,A,50000
E002702,2026-09-20 10:44:00,M01,NVDA,equity,R,10000
E002703,2026-09-24 15:53:00,M01,SPY,etf,R,10000
E002704,2026-09-18 11:07:00,M01,NVDA,equity,A,25000
E002705,2026-09-03 13:59:00,M01,SPY,etf,R,50000
E002706,2026-09-06 14:05:00,M01,AAPL,equity,A,10000
E002707,2026-09-01 15:10:00,M01,SPY,etf,R,50000
E002708,2026-09-12 12:05:00,M01,SPY,etf,R,10000
E002709,2026-09-27 14:41:00,M01,NVDA,equity,R,10000
E002710,2026-09-25 14:08:00,M01,SPY,etf,A,10000
E002711,2026-09-10 10:17:00,M01,SPY,etf,A,25000
E002712,2026-09-08 15:12:00,M01,JPM,equity,A,25000
E002713,2026-09-10 11:44:00,M01,MSFT,equity,R,10000
E002714,2026-09-12 13:23:00,M01,JPM,equity,A,10000
E002715,2026-09-15 15:40:00,M01,QQQ,etf,R,50000
E002716,2026-09-27 13:24:00,M01,AAPL,equity,A,10000
E002717,2026-09-23 12:22:00,M01,MSFT,equity,R,50000
E002718,2026-09-07 11:44:00,M01,NVDA,equity,R,50000
E002719,2026-09-26 11:05:00,M01,SPY,etf,R,50000
E002720,2026-09-07 12:16:00,M01,NVDA,equity,A,10000
E002721,2026-09-22 14:11:00,M01,QQQ,etf,R,10000
E002722,2026-09-11 11:36:00,M01,QQQ,etf,A,25000
E002723,2026-09-11 14:06:00,M01,AAPL,equity,R,50000
E002724,2026-09-14 12:21:00,M01,MSFT,equity,A,10000
E002725,2026-09-12 11:10:00,M01,MSFT,equity,R,10000
E002726,2026-09-15 15:39:00,M01,AAPL,equity,R,10000
E002727,2026-09-14 14:25:00,M01,SPY,etf,R,50000
E002728,2026-09-24 11:38:00,M01,NVDA,equity,A,10000
E002729,2026-09-10 09:59:00,M01,JPM,equity,R,50000
E002730,2026-09-14 12:49:00,M01,AAPL,equity,A,50000
E002731,2026-09-19 09:10:00,M01,JPM,equity,R,25000
E002732,2026-09-19 15:08:00,M01,MSFT,option,A,497
E002733,2026-09-02 09:19:00,M01,NVDA,option,R,413
E002734,2026-09-12 12:25:00,M01,MSFT,option,A,420
E002735,2026-09-05 10:56:00,M01,AAPL,option,A,347
E002736,2026-09-06 10:54:00,M01,NVDA,option,A,51
E002737,2026-09-08 10:43:00,M01,AAPL,option,R,380
E002738,2026-09-16 10:22:00,M01,NVDA,option,A,12
E002739,2026-09-07 12:42:00,M01,JPM,option,A,367
E002740,2026-09-08 15:58:00,M01,JPM,option,A,371
E002741,2026-09-13 15:20:00,M02,MSFT,equity,R,25000
E002742,2026-09-28 12:38:00,M02,SPY,etf,A,50000
E002743,2026-09-16 14:47:00,M02,NVDA,equity,R,10000
E002744,2026-09-20 10:49:00,M02,MSFT,equity,A,10000
E002745,2026-09-17 15:00:00,M02,NVDA,equity,R,25000
E002746,2026-09-21 10:08:00,M02,AAPL,equity,R,25000
E002747,2026-09-10 12:05:00,M02,MSFT,equity,A,10000
E002748,2026-09-14 10:18:00,M02,MSFT,equity,A,50000
E002749,2026-09-02 11:26:00,M02,JPM,equity,A,50000
E002750,2026-09-17 15:06:00,M02,SPY,etf,R,25000
E002751,2026-09-22 14:06:00,M02,NVDA,equity,R,10000
E002752,2026-09-06 11:08:00,M02,AAPL,equity,R,10000
E002753,2026-09-16 14:42:00,M02,JPM,option,R,15
E002754,2026-09-14 11:47:00,M02,AAPL,option,R,165
E002755,2026-09-12 15:30:00,M02,JPM,option,R,267
E002756,2026-09-26 10:27:00,M02,NVDA,option,R,67
E002757,2026-09-22 09:09:00,M02,JPM,option,A,455
E002758,2026-09-17 15:39:00,M02,NVDA,option,R,111
E002759,2026-09-02 12:18:00,M02,JPM,option,A,232
E002760,2026-09-12 09:56:00,M02,JPM,option,R,245
E002761,2026-09-14 11:43:00,M02,NVDA,option,A,139
E002762,2026-09-09 10:18:00,M02,AAPL,option,A,287
E002763,2026-09-11 11:40:00,M02,AAPL,option,A,238
E002764,2026-09-02 13:47:00,M03,SPY,etf,A,25000
E002765,2026-09-18 09:08:00,M03,AAPL,equity,R,10000
E002766,2026-09-14 11:22:00,M03,JPM,equity,R,50000
E002767,2026-09-08 15:57:00,M03,QQQ,etf,R,50000
E002768,2026-09-19 12:02:00,M03,QQQ,etf,A,50000
E002769,2026-09-05 13:46:00,M03,AAPL,equity,R,25000
E002770,2026-09-17 14:05:00,M03,JPM,equity,A,10000
E002771,2026-09-10 12:25:00,M03,SPY,etf,A,50000
E002772,2026-09-24 14:47:00,M03,NVDA,equity,R,30000
E002773,2026-09-07 13:16:00,M03,AAPL,option,R,416
E002774,2026-09-26 09:23:00,M03,MSFT,option,R,365
E002775,2026-09-14 11:47:00,M03,MSFT,option,R,399
E002776,2026-09-17 14:02:00,M03,MSFT,option,R,151
E002777,2026-09-10 11:00:00,M03,MSFT,option,R,357
E002778,2026-09-14 14:08:00,M03,AAPL,option,A,410
E002779,2026-09-26 14:20:00,M03,JPM,option,A,316
E002780,2026-09-23 11:14:00,M03,MSFT,option,A,19
E002781,2026-09-23 13:52:00,M03,NVDA,option,R,382
E002782,2026-09-20 11:34:00,M03,JPM,option,A,335
E002783,2026-09-11 11:22:00,M03,AAPL,option,R,185
E002784,2026-09-16 10:34:00,M04,SPY,etf,R,25000
E002785,2026-09-09 12:02:00,M04,JPM,equity,R,50000
E002786,2026-09-21 12:35:00,M04,AAPL,equity,R,50000
E002787,2026-09-24 13:23:00,M04,MSFT,equity,A,10000
E002788,2026-09-22 12:01:00,M04,JPM,equity,A,25000
E002789,2026-09-20 11:36:00,M04,MSFT,equity,R,50000
E002790,2026-09-18 14:31:00,M04,NVDA,equity,R,10000
E002791,2026-09-05 12:38:00,M04,QQQ,etf,R,25000
E002792,2026-09-13 10:13:00,M04,AAPL,equity,R,10000
E002793,2026-09-06 15:10:00,M04,NVDA,equity,R,45000
E002794,2026-09-25 10:26:00,M04,JPM,option,R,190
E002795,2026-09-25 11:40:00,M04,NVDA,option,A,173
E002796,2026-09-18 13:25:00,M04,NVDA,option,A,267
E002797,2026-09-25 12:18:00,M04,JPM,option,R,263
E002798,2026-09-28 10:25:00,M04,JPM,option,A,90
E002799,2026-09-15 14:11:00,M04,NVDA,option,R,400
E002800,2026-09-19 14:26:00,M04,AAPL,option,R,206
E002801,2026-09-21 09:39:00,M04,JPM,option,A,106
E002802,2026-09-19 14:26:00,M04,AAPL,option,R,316
E002803,2026-09-08 10:36:00,M04,NVDA,option,R,322
E002804,2026-09-12 09:47:00,M04,AAPL,option,R,497
E002805,2026-09-17 15:12:00,M05,QQQ,etf,R,25000
E002806,2026-09-12 14:55:00,M05,JPM,equity,A,10000
E002807,2026-09-07 11:08:00,M05,SPY,etf,A,25000
E002808,2026-09-19 12:29:00,M05,MSFT,equity,A,10000
E002809,2026-09-08 15:11:00,M05,JPM,equity,R,50000
E002810,2026-09-04 15:38:00,M05,SPY,etf,R,50000
E002811,2026-09-15 14:04:00,M05,MSFT,equity,A,10000
E002812,2026-09-22 12:55:00,M05,SPY,etf,R,10000
E002813,2026-09-03 15:26:00,M05,JPM,equity,R,25000
E002814,2026-09-04 14:49:00,M05,QQQ,etf,R,50000
E002815,2026-09-01 12:30:00,M05,SPY,etf,R,50000
E002816,2026-09-26 12:53:00,M05,NVDA,equity,R,10000
E002817,2026-09-13 14:59:00,M05,NVDA,equity,R,10000
E002818,2026-09-14 15:07:00,M05,JPM,equity,A,50000
E002819,2026-09-25 15:07:00,M05,QQQ,etf,R,25000
E002820,2026-09-22 11:09:00,M05,JPM,equity,R,25000
E002821,2026-09-09 09:21:00,M05,MSFT,equity,R,25000
E002822,2026-09-23 12:48:00,M05,JPM,equity,A,10000
E002823,2026-09-10 14:28:00,M05,NVDA,equity,A,25000
E002824,2026-09-09 13:17:00,M05,SPY,etf,R,25000
E002825,2026-09-17 11:01:00,M05,MSFT,equity,A,10000
E002826,2026-09-12 14:18:00,M05,QQQ,etf,A,25000
E002827,2026-09-19 14:19:00,M05,MSFT,equity,R,50000
E002828,2026-09-10 10:47:00,M05,SPY,etf,R,25000
E002829,2026-09-20 11:54:00,M05,MSFT,equity,A,10000
E002830,2026-09-01 15:13:00,M05,MSFT,equity,R,50000
E002831,2026-09-01 11:23:00,M05,QQQ,etf,R,10000
E002832,2026-09-13 12:39:00,M05,QQQ,etf,R,50000
E002833,2026-09-05 13:54:00,M05,SPY,etf,R,25000
E002834,2026-09-13 15:59:00,M05,NVDA,equity,R,50000
E002835,2026-09-16 10:30:00,M05,QQQ,etf,R,10000
E002836,2026-09-03 11:14:00,M05,SPY,etf,A,10000
E002837,2026-09-09 13:49:00,M05,MSFT,equity,R,10000
E002838,2026-09-07 11:31:00,M05,SPY,etf,R,10000
E002839,2026-09-27 14:54:00,M05,AAPL,equity,R,50000
E002840,2026-09-24 10:23:00,M05,MSFT,equity,R,50000
E002841,2026-09-04 11:32:00,M05,SPY,etf,A,25000
E002842,2026-09-28 14:34:00,M05,QQQ,etf,R,50000
E002843,2026-09-19 13:15:00,M05,JPM,equity,A,10000
E002844,2026-09-23 14:54:00,M05,MSFT,equity,A,50000
E002845,2026-09-15 10:02:00,M05,SPY,etf,R,50000
E002846,2026-09-09 09:47:00,M05,QQQ,etf,A,25000
E002847,2026-09-17 11:03:00,M05,MSFT,equity,A,10000
E002848,2026-09-25 13:30:00,M05,QQQ,etf,R,10000
E002849,2026-09-11 15:40:00,M05,AAPL,equity,A,50000
E002850,2026-09-15 09:30:00,M05,AAPL,equity,A,25000
E002851,2026-09-07 13:31:00,M05,QQQ,etf,A,50000
E002852,2026-09-14 15:57:00,M05,QQQ,etf,A,10000
E002853,2026-09-07 13:51:00,M05,SPY,etf,R,25000
E002854,2026-09-09 15:26:00,M05,AAPL,equity,R,25000
E002855,2026-09-06 11:32:00,M05,SPY,etf,R,25000
E002856,2026-09-10 11:55:00,M05,SPY,etf,R,25000
E002857,2026-09-22 13:32:00,M05,NVDA,equity,A,25000
E002858,2026-09-25 10:31:00,M05,AAPL,equity,A,25000
E002859,2026-09-16 10:11:00,M05,JPM,equity,A,50000
E002860,2026-09-10 09:59:00,M05,SPY,etf,R,25000
E002861,2026-09-22 13:52:00,M05,SPY,etf,A,25000
E002862,2026-09-07 11:32:00,M05,MSFT,equity,A,10000
E002863,2026-09-04 14:19:00,M05,JPM,equity,R,50000
E002864,2026-09-22 10:20:00,M05,QQQ,etf,A,10000
E002865,2026-09-28 10:39:00,M05,MSFT,equity,R,25000
E002866,2026-09-16 14:38:00,M05,QQQ,etf,R,25000
E002867,2026-09-08 11:30:00,M05,NVDA,equity,R,50000
E002868,2026-09-05 11:21:00,M05,NVDA,equity,R,25000
E002869,2026-09-15 11:27:00,M05,NVDA,equity,R,50000
E002870,2026-09-25 12:03:00,M05,AAPL,equity,R,25000
E002871,2026-09-26 10:29:00,M05,SPY,etf,R,25000
E002872,2026-09-07 10:42:00,M05,SPY,etf,R,10000
E002873,2026-09-01 11:27:00,M05,NVDA,equity,R,25000
E002874,2026-09-18 14:12:00,M05,QQQ,etf,R,25000
E002875,2026-09-15 15:17:00,M05,QQQ,etf,A,50000
E002876,2026-09-11 14:30:00,M05,MSFT,equity,R,10000
E002877,2026-09-02 15:42:00,M05,JPM,equity,A,50000
E002878,2026-09-08 11:38:00,M05,JPM,equity,R,50000
E002879,2026-09-02 14:21:00,M05,AAPL,equity,A,10000
E002880,2026-09-10 09:30:00,M05,JPM,equity,A,25000
E002881,2026-09-11 15:46:00,M05,AAPL,equity,R,50000
E002882,2026-09-19 11:36:00,M05,MSFT,equity,A,10000
E002883,2026-09-08 11:36:00,M05,JPM,equity,R,10000
E002884,2026-09-18 13:52:00,M05,NVDA,equity,A,50000
E002885,2026-09-25 15:04:00,M05,MSFT,equity,R,10000
E002886,2026-09-24 11:54:00,M05,SPY,etf,A,50000
E002887,2026-09-07 10:20:00,M05,SPY,etf,R,25000
E002888,2026-09-11 10:43:00,M05,NVDA,equity,R,25000
E002889,2026-09-20 14:59:00,M05,NVDA,equity,A,25000
E002890,2026-09-14 12:25:00,M05,SPY,etf,R,10000
E002891,2026-09-02 13:23:00,M05,QQQ,etf,A,10000
E002892,2026-09-17 15:51:00,M05,AAPL,equity,A,25000
E002893,2026-09-10 13:21:00,M05,JPM,equity,R,50000
E002894,2026-09-19 09:35:00,M05,AAPL,equity,R,50000
E002895,2026-09-26 13:54:00,M05,MSFT,equity,R,50000
E002896,2026-09-20 14:12:00,M05,JPM,equity,R,50000
E002897,2026-09-27 11:29:00,M05,JPM,equity,R,50000
E002898,2026-09-21 11:04:00,M05,MSFT,equity,A,50000
E002899,2026-09-15 13:49:00,M05,NVDA,equity,R,50000
E002900,2026-09-13 13:18:00,M05,AAPL,equity,A,25000
E002901,2026-09-01 10:20:00,M05,AAPL,equity,R,25000
E002902,2026-09-19 14:49:00,M05,MSFT,equity,A,25000
E002903,2026-09-22 10:49:00,M05,SPY,etf,R,25000
E002904,2026-09-28 13:09:00,M05,SPY,etf,A,25000
E002905,2026-09-10 10:06:00,M05,MSFT,equity,A,10000
E002906,2026-09-25 10:34:00,M05,AAPL,equity,A,50000
E002907,2026-09-28 11:59:00,M05,NVDA,equity,A,10000
E002908,2026-09-10 10:27:00,M05,MSFT,equity,R,10000
E002909,2026-09-25 11:01:00,M05,MSFT,equity,A,10000
E002910,2026-09-27 12:01:00,M05,AAPL,equity,R,25000
E002911,2026-09-07 12:03:00,M05,SPY,etf,R,50000
E002912,2026-09-07 15:24:00,M05,MSFT,equity,R,25000
E002913,2026-09-06 13:58:00,M05,AAPL,equity,R,10000
E002914,2026-09-06 15:13:00,M05,AAPL,equity,A,50000
E002915,2026-09-20 11:47:00,M05,SPY,etf,R,25000
E002916,2026-09-07 09:51:00,M05,MSFT,equity,R,25000
E002917,2026-09-17 09:29:00,M05,NVDA,equity,A,25000
E002918,2026-09-13 15:06:00,M05,JPM,equity,A,25000
E002919,2026-09-14 15:41:00,M05,AAPL,equity,A,25000
E002920,2026-09-21 14:51:00,M05,AAPL,equity,A,50000
E002921,2026-09-09 14:41:00,M05,AAPL,equity,R,25000
E002922,2026-09-28 10:11:00,M05,MSFT,equity,R,10000
E002923,2026-09-05 10:44:00,M05,QQQ,etf,R,10000
E002924,2026-09-20 15:13:00,M05,AAPL,equity,R,10000
E002925,2026-09-12 13:26:00,M05,NVDA,equity,R,50000
E002926,2026-09-06 13:09:00,M05,MSFT,equity,R,25000
E002927,2026-09-12 09:50:00,M05,MSFT,equity,A,50000
E002928,2026-09-10 12:40:00,M05,MSFT,equity,A,25000
E002929,2026-09-11 09:50:00,M05,QQQ,etf,A,25000
E002930,2026-09-02 14:55:00,M05,JPM,equity,A,10000
E002931,2026-09-18 12:48:00,M05,AAPL,equity,R,25000
E002932,2026-09-06 09:00:00,M05,MSFT,equity,A,50000
E002933,2026-09-14 09:07:00,M05,AAPL,equity,R,10000
E002934,2026-09-28 13:28:00,M05,JPM,equity,A,25000
E002935,2026-09-01 11:30:00,M05,SPY,etf,R,50000
E002936,2026-09-11 14:34:00,M05,MSFT,equity,A,25000
E002937,2026-09-23 09:30:00,M05,SPY,etf,R,50000
E002938,2026-09-05 10:32:00,M05,MSFT,equity,A,50000
E002939,2026-09-22 09:47:00,M05,MSFT,equity,A,10000
E002940,2026-09-20 09:15:00,M05,NVDA,equity,A,25000
E002941,2026-09-22 11:21:00,M05,SPY,etf,R,10000
E002942,2026-09-19 13:33:00,M05,SPY,etf,R,25000
E002943,2026-09-11 12:23:00,M05,MSFT,equity,R,25000
E002944,2026-09-28 09:47:00,M05,SPY,etf,R,50000
E002945,2026-09-02 15:12:00,M05,SPY,etf,R,25000
E002946,2026-09-21 09:53:00,M05,MSFT,equity,R,10000
E002947,2026-09-11 09:36:00,M05,JPM,equity,R,10000
E002948,2026-09-21 15:52:00,M05,MSFT,equity,R,25000
E002949,2026-09-07 12:39:00,M05,JPM,equity,A,25000
E002950,2026-09-24 11:41:00,M05,AAPL,equity,R,25000
E002951,2026-09-06 11:21:00,M05,NVDA,equity,R,25000
E002952,2026-09-15 14:06:00,M05,QQQ,etf,R,25000
E002953,2026-09-09 09:50:00,M05,QQQ,etf,A,25000
E002954,2026-09-18 10:06:00,M05,AAPL,equity,A,50000
E002955,2026-09-04 13:45:00,M05,AAPL,equity,A,25000
E002956,2026-09-15 12:35:00,M05,NVDA,equity,R,25000
E002957,2026-09-06 12:52:00,M05,QQQ,etf,R,10000
E002958,2026-09-05 15:43:00,M05,MSFT,equity,A,50000
E002959,2026-09-24 14:22:00,M05,MSFT,equity,R,10000
E002960,2026-09-28 13:33:00,M05,QQQ,etf,A,10000
E002961,2026-09-18 10:44:00,M05,NVDA,equity,R,50000
E002962,2026-09-12 10:06:00,M05,MSFT,equity,R,50000
E002963,2026-09-28 13:14:00,M05,SPY,etf,R,50000
E002964,2026-09-18 13:27:00,M05,MSFT,equity,R,50000
E002965,2026-09-13 11:24:00,M05,AAPL,equity,R,25000
E002966,2026-09-15 11:08:00,M05,JPM,equity,R,25000
E002967,2026-09-03 11:45:00,M05,AAPL,equity,R,25000
E002968,2026-09-24 13:38:00,M05,MSFT,equity,R,25000
E002969,2026-09-05 10:30:00,M05,JPM,equity,R,10000
E002970,2026-09-26 10:41:00,M05,JPM,equity,R,10000
E002971,2026-09-08 15:22:00,M05,MSFT,equity,A,50000
E002972,2026-09-13 09:46:00,M05,MSFT,equity,R,25000
E002973,2026-09-07 12:09:00,M05,MSFT,equity,R,50000
E002974,2026-09-21 09:33:00,M05,AAPL,equity,A,25000
E002975,2026-09-20 12:14:00,M05,SPY,etf,R,10000
E002976,2026-09-18 14:39:00,M05,AAPL,equity,R,25000
E002977,2026-09-11 11:02:00,M05,SPY,etf,A,10000
E002978,2026-09-21 12:27:00,M05,AAPL,equity,R,25000
E002979,2026-09-28 15:31:00,M05,SPY,etf,R,50000
E002980,2026-09-04 09:46:00,M05,QQQ,etf,R,10000
E002981,2026-09-08 15:54:00,M05,NVDA,equity,R,25000
E002982,2026-09-21 09:55:00,M05,JPM,option,R,39
E002983,2026-09-09 14:32:00,M05,NVDA,option,A,473
E002984,2026-09-03 09:06:00,M05,NVDA,option,R,192
E002985,2026-09-19 12:14:00,M05,JPM,option,R,134
E002986,2026-09-25 15:45:00,M05,NVDA,option,R,63
E002987,2026-09-17 15:59:00,M05,JPM,option,R,320
E002988,2026-09-04 13:53:00,M05,AAPL,option,R,318
E002989,2026-09-04 09:48:00,M05,AAPL,option,A,304
E002990,2026-09-13 14:47:00,M05,JPM,option,A,427
E002991,2026-09-15 13:55:00,M05,JPM,option,R,446
E002992,2026-09-26 14:47:00,M05,JPM,option,R,426
E002993,2026-09-19 10:01:00,M06,MSFT,equity,R,10000
E002994,2026-09-10 12:51:00,M06,AAPL,equity,A,25000
E002995,2026-09-12 15:43:00,M06,NVDA,equity,A,25000
E002996,2026-09-15 15:03:00,M06,NVDA,equity,A,10000
E002997,2026-09-09 15:50:00,M06,SPY,etf,A,50000
E002998,2026-09-21 11:47:00,M06,QQQ,etf,R,50000
E002999,2026-09-28 12:54:00,M06,MSFT,equity,A,25000
E003000,2026-09-18 14:51:00,M06,QQQ,etf,R,25000
E003001,2026-09-27 11:06:00,M06,NVDA,equity,R,10000
E003002,2026-09-13 11:39:00,M06,SPY,etf,R,10000
E003003,2026-09-07 11:54:00,M06,JPM,equity,R,10000
E003004,2026-09-26 12:57:00,M06,NVDA,equity,A,25000
E003005,2026-09-11 09:07:00,M06,MSFT,equity,A,10000
E003006,2026-09-23 14:35:00,M06,QQQ,etf,A,25000
E003007,2026-09-06 12:39:00,M06,QQQ,etf,R,50000
E003008,2026-09-03 14:38:00,M06,AAPL,equity,R,10000
E003009,2026-09-28 11:09:00,M06,JPM,equity,R,50000
E003010,2026-09-13 10:58:00,M06,NVDA,equity,A,50000
E003011,2026-09-20 13:05:00,M06,NVDA,equity,A,50000
E003012,2026-09-27 09:15:00,M06,JPM,equity,R,10000
E003013,2026-09-01 12:14:00,M06,NVDA,equity,R,50000
E003014,2026-09-08 12:41:00,M06,MSFT,equity,R,10000
E003015,2026-09-10 10:01:00,M06,AAPL,equity,R,10000
E003016,2026-09-14 13:35:00,M06,JPM,equity,R,25000
E003017,2026-09-06 15:33:00,M06,JPM,equity,R,10000
E003018,2026-09-13 14:16:00,M06,QQQ,etf,R,50000
E003019,2026-09-14 11:23:00,M06,NVDA,equity,R,25000
E003020,2026-09-18 11:04:00,M06,NVDA,equity,R,10000
E003021,2026-09-28 15:44:00,M06,NVDA,equity,A,10000
E003022,2026-09-05 09:58:00,M06,QQQ,etf,R,50000
E003023,2026-09-16 13:20:00,M06,SPY,etf,A,50000
E003024,2026-09-24 11:45:00,M06,MSFT,equity,R,50000
E003025,2026-09-15 11:36:00,M06,MSFT,equity,R,50000
E003026,2026-09-15 12:37:00,M06,QQQ,etf,R,25000
E003027,2026-09-18 12:35:00,M06,AAPL,equity,R,10000
E003028,2026-09-28 14:09:00,M06,JPM,equity,A,25000
E003029,2026-09-24 11:36:00,M06,AAPL,equity,A,25000
E003030,2026-09-23 13:31:00,M06,AAPL,equity,R,50000
E003031,2026-09-07 14:28:00,M06,JPM,equity,A,10000
E003032,2026-09-10 11:14:00,M06,SPY,etf,R,50000
E003033,2026-09-05 15:34:00,M06,JPM,equity,R,50000
E003034,2026-09-28 09:39:00,M06,NVDA,equity,A,50000
E003035,2026-09-04 15:04:00,M06,QQQ,etf,R,25000
E003036,2026-09-24 10:46:00,M06,JPM,equity,A,50000
E003037,2026-09-27 10:01:00,M06,MSFT,equity,R,50000
E003038,2026-09-04 11:05:00,M06,SPY,etf,A,25000
E003039,2026-09-23 14:24:00,M06,QQQ,etf,R,25000
E003040,2026-09-16 10:54:00,M06,SPY,etf,A,25000
E003041,2026-09-12 10:45:00,M06,NVDA,equity,R,10000
E003042,2026-09-03 10:16:00,M06,JPM,equity,R,25000
E003043,2026-09-21 14:05:00,M06,NVDA,equity,A,10000
E003044,2026-09-09 09:56:00,M06,QQQ,etf,R,10000
E003045,2026-09-22 11:06:00,M06,AAPL,equity,A,50000
E003046,2026-09-01 11:24:00,M06,AAPL,equity,A,50000
E003047,2026-09-12 15:04:00,M06,QQQ,etf,R,50000
E003048,2026-09-20 12:11:00,M06,SPY,etf,R,10000
E003049,2026-09-28 14:58:00,M06,AAPL,equity,A,25000
E003050,2026-09-06 12:45:00,M06,QQQ,etf,R,25000
E003051,2026-09-05 15:52:00,M06,QQQ,etf,R,10000
E003052,2026-09-18 15:07:00,M06,AAPL,equity,R,50000
E003053,2026-09-04 11:43:00,M06,NVDA,equity,A,25000
E003054,2026-09-04 12:12:00,M06,MSFT,equity,R,50000
E003055,2026-09-15 14:35:00,M06,NVDA,equity,R,50000
E003056,2026-09-22 13:04:00,M06,AAPL,equity,A,25000
E003057,2026-09-08 15:31:00,M06,MSFT,equity,A,25000
E003058,2026-09-12 09:58:00,M06,AAPL,equity,R,25000
E003059,2026-09-23 15:53:00,M06,SPY,etf,R,25000
E003060,2026-09-22 14:20:00,M06,AAPL,equity,R,50000
E003061,2026-09-23 13:33:00,M06,QQQ,etf,A,50000
E003062,2026-09-07 11:20:00,M06,SPY,etf,A,50000
E003063,2026-09-21 12:25:00,M06,NVDA,equity,R,10000
E003064,2026-09-01 12:06:00,M06,JPM,equity,A,10000
E003065,2026-09-13 11:31:00,M06,QQQ,etf,R,25000
E003066,2026-09-23 09:33:00,M06,SPY,etf,R,25000
E003067,2026-09-10 13:47:00,M06,AAPL,equity,R,10000
E003068,2026-09-21 11:47:00,M06,MSFT,equity,A,50000
E003069,2026-09-10 12:12:00,M06,AAPL,equity,A,10000
E003070,2026-09-27 15:43:00,M06,AAPL,equity,R,50000
E003071,2026-09-17 15:11:00,M06,QQQ,etf,R,50000
E003072,2026-09-02 10:06:00,M06,SPY,etf,R,50000
E003073,2026-09-23 11:04:00,M06,MSFT,equity,R,10000
E003074,2026-09-19 14:39:00,M06,MSFT,equity,A,25000
E003075,2026-09-23 09:59:00,M06,MSFT,equity,A,25000
E003076,2026-09-27 15:21:00,M06,SPY,etf,R,10000
E003077,2026-09-12 15:25:00,M06,MSFT,equity,A,25000
E003078,2026-09-08 13:42:00,M06,QQQ,etf,A,10000
E003079,2026-09-19 14:55:00,M06,SPY,etf,R,25000
E003080,2026-09-21 14:58:00,M06,MSFT,equity,A,25000
E003081,2026-09-14 15:26:00,M06,AAPL,equity,A,50000
E003082,2026-09-09 13:00:00,M06,JPM,equity,R,10000
E003083,2026-09-23 15:28:00,M06,AAPL,equity,A,25000
E003084,2026-09-03 14:07:00,M06,MSFT,equity,A,50000
E003085,2026-09-06 13:20:00,M06,AAPL,equity,A,25000
E003086,2026-09-22 14:59:00,M06,NVDA,equity,R,50000
E003087,2026-09-10 11:54:00,M06,QQQ,etf,R,25000
E003088,2026-09-13 15:56:00,M06,AAPL,equity,R,10000
E003089,2026-09-28 12:12:00,M06,QQQ,etf,A,10000
E003090,2026-09-16 09:07:00,M06,JPM,equity,A,10000
E003091,2026-09-03 15:44:00,M06,MSFT,equity,R,25000
E003092,2026-09-20 11:28:00,M06,JPM,equity,R,10000
E003093,2026-09-25 09:42:00,M06,QQQ,etf,R,25000
E003094,2026-09-24 11:02:00,M06,MSFT,equity,R,10000
E003095,2026-09-28 11:58:00,M06,NVDA,equity,A,10000
E003096,2026-09-21 09:25:00,M06,MSFT,equity,A,25000
E003097,2026-09-03 10:11:00,M06,QQQ,etf,R,25000
E003098,2026-09-24 12:01:00,M06,SPY,etf,R,25000
E003099,2026-09-20 13:18:00,M06,MSFT,equity,R,10000
E003100,2026-09-11 09:07:00,M06,QQQ,etf,R,10000
E003101,2026-09-18 09:39:00,M06,QQQ,etf,R,25000
E003102,2026-09-12 09:09:00,M06,NVDA,equity,R,50000
E003103,2026-09-01 12:00:00,M06,MSFT,equity,R,50000
E003104,2026-09-04 15:14:00,M06,QQQ,etf,R,25000
E003105,2026-09-18 09:01:00,M06,QQQ,etf,R,10000
E003106,2026-09-21 12:18:00,M06,QQQ,etf,R,25000
E003107,2026-09-24 10:43:00,M06,JPM,equity,R,25000
E003108,2026-09-21 12:30:00,M06,NVDA,equity,R,25000
E003109,2026-09-18 11:14:00,M06,JPM,equity,A,10000
E003110,2026-09-06 12:16:00,M06,SPY,etf,R,50000
E003111,2026-09-01 12:51:00,M06,SPY,etf,A,25000
E003112,2026-09-14 14:56:00,M06,JPM,equity,R,10000
E003113,2026-09-05 15:40:00,M06,JPM,equity,A,10000
E003114,2026-09-14 12:46:00,M06,JPM,equity,R,25000
E003115,2026-09-12 11:20:00,M06,JPM,equity,R,25000
E003116,2026-09-17 10:15:00,M06,SPY,etf,A,10000
E003117,2026-09-07 15:46:00,M06,QQQ,etf,R,10000
E003118,2026-09-15 13:55:00,M06,NVDA,equity,R,50000
E003119,2026-09-21 11:13:00,M06,NVDA,equity,A,25000
E003120,2026-09-18 14:28:00,M06,AAPL,equity,A,25000
E003121,2026-09-02 10:13:00,M06,JPM,equity,A,50000
E003122,2026-09-13 13:27:00,M06,SPY,etf,A,10000
E003123,2026-09-23 10:24:00,M06,AAPL,equity,R,25000
E003124,2026-09-24 14:36:00,M06,NVDA,equity,R,10000
E003125,2026-09-19 15:51:00,M06,JPM,equity,A,50000
E003126,2026-09-15 10:55:00,M06,NVDA,equity,R,25000
E003127,2026-09-20 15:39:00,M06,NVDA,equity,R,25000
E003128,2026-09-22 09:50:00,M06,AAPL,equity,A,50000
E003129,2026-09-28 15:03:00,M06,AAPL,equity,A,10000
E003130,2026-09-12 10:47:00,M06,NVDA,equity,A,10000
E003131,2026-09-27 09:23:00,M06,NVDA,equity,R,10000
E003132,2026-09-27 12:30:00,M06,QQQ,etf,A,25000
E003133,2026-09-10 09:51:00,M06,NVDA,equity,R,10000
E003134,2026-09-14 09:34:00,M06,MSFT,equity,R,10000
E003135,2026-09-18 13:40:00,M06,MSFT,equity,R,25000
E003136,2026-09-28 10:07:00,M06,SPY,etf,R,25000
E003137,2026-09-04 15:02:00,M06,JPM,equity,A,10000
E003138,2026-09-13 12:10:00,M06,JPM,equity,R,25000
E003139,2026-09-27 11:59:00,M06,SPY,etf,R,50000
E003140,2026-09-15 09:31:00,M06,MSFT,equity,R,50000
E003141,2026-09-11 09:56:00,M06,NVDA,equity,A,50000
E003142,2026-09-20 11:43:00,M06,MSFT,equity,A,10000
E003143,2026-09-26 14:12:00,M06,AAPL,equity,R,10000
E003144,2026-09-23 15:50:00,M06,NVDA,equity,A,25000
E003145,2026-09-01 13:57:00,M06,JPM,equity,R,50000
E003146,2026-09-28 11:12:00,M06,NVDA,equity,R,10000
E003147,2026-09-16 11:57:00,M06,AAPL,equity,A,50000
E003148,2026-09-23 11:16:00,M06,MSFT,equity,R,50000
E003149,2026-09-02 11:47:00,M06,NVDA,equity,R,25000
E003150,2026-09-22 09:21:00,M06,JPM,equity,R,50000
E003151,2026-09-01 14:36:00,M06,QQQ,etf,A,10000
E003152,2026-09-16 12:24:00,M06,MSFT,equity,A,25000
E003153,2026-09-23 12:21:00,M06,NVDA,equity,A,50000
E003154,2026-09-14 14:21:00,M06,JPM,equity,A,50000
E003155,2026-09-09 13:12:00,M06,SPY,etf,R,25000
E003156,2026-09-15 14:05:00,M06,AAPL,equity,R,25000
E003157,2026-09-04 09:51:00,M06,QQQ,etf,A,25000
E003158,2026-09-03 10:23:00,M06,MSFT,equity,A,10000
E003159,2026-09-25 09:55:00,M06,MSFT,equity,A,50000
E003160,2026-09-24 15:21:00,M06,AAPL,equity,R,50000
E003161,2026-09-05 13:40:00,M06,AAPL,equity,R,50000
E003162,2026-09-28 11:50:00,M06,SPY,etf,R,25000
E003163,2026-09-02 14:08:00,M06,AAPL,equity,A,50000
E003164,2026-09-06 09:45:00,M06,AAPL,equity,R,50000
E003165,2026-09-26 14:14:00,M06,JPM,equity,A,10000
E003166,2026-09-13 11:40:00,M06,AAPL,equity,R,50000
E003167,2026-09-23 12:38:00,M06,MSFT,equity,R,25000
E003168,2026-09-24 14:37:00,M06,NVDA,equity,R,25000
E003169,2026-09-06 13:00:00,M06,JPM,equity,A,10000
E003170,2026-09-05 13:36:00,M06,NVDA,equity,R,10000
E003171,2026-09-23 15:04:00,M06,AAPL,equity,A,50000
E003172,2026-09-06 12:40:00,M06,MSFT,equity,R,25000
E003173,2026-09-14 13:40:00,M06,QQQ,etf,A,25000
E003174,2026-09-27 11:47:00,M06,NVDA,equity,A,25000
E003175,2026-09-22 11:18:00,M06,SPY,etf,R,10000
E003176,2026-09-03 12:22:00,M06,AAPL,equity,R,10000
E003177,2026-09-25 15:27:00,M06,QQQ,etf,A,10000
E003178,2026-09-01 14:43:00,M06,JPM,equity,A,50000
E003179,2026-09-23 14:38:00,M06,NVDA,equity,R,50000
E003180,2026-09-09 14:53:00,M06,QQQ,etf,A,10000
E003181,2026-09-26 12:23:00,M06,SPY,etf,R,25000
E003182,2026-09-18 14:12:00,M06,NVDA,equity,A,25000
E003183,2026-09-23 11:26:00,M06,AAPL,equity,R,10000
E003184,2026-09-26 15:25:00,M06,NVDA,equity,R,25000
E003185,2026-09-05 10:47:00,M06,JPM,equity,R,25000
E003186,2026-09-28 10:50:00,M06,AAPL,equity,A,25000
E003187,2026-09-13 11:00:00,M06,MSFT,equity,R,50000
E003188,2026-09-05 13:11:00,M06,MSFT,equity,A,50000
E003189,2026-09-16 10:17:00,M06,JPM,equity,A,10000
E003190,2026-09-13 10:19:00,M06,JPM,equity,R,10000
E003191,2026-09-08 10:31:00,M06,NVDA,equity,R,50000
E003192,2026-09-14 15:10:00,M06,JPM,equity,R,25000
E003193,2026-09-12 09:04:00,M06,AAPL,equity,R,50000
E003194,2026-09-20 11:09:00,M06,JPM,equity,A,50000
E003195,2026-09-14 12:00:00,M06,MSFT,equity,R,25000
E003196,2026-09-11 14:19:00,M06,MSFT,equity,R,50000
E003197,2026-09-04 13:08:00,M06,QQQ,etf,R,25000
E003198,2026-09-12 15:44:00,M06,SPY,etf,R,25000
E003199,2026-09-16 09:01:00,M06,QQQ,etf,R,25000
E003200,2026-09-07 11:44:00,M06,MSFT,equity,A,25000
E003201,2026-09-16 15:17:00,M06,SPY,etf,R,25000
E003202,2026-09-23 10:57:00,M06,NVDA,equity,A,50000
E003203,2026-09-19 10:45:00,M06,SPY,etf,R,25000
E003204,2026-09-16 13:30:00,M06,MSFT,equity,R,10000
E003205,2026-09-04 12:48:00,M06,QQQ,etf,A,25000
E003206,2026-09-17 12:29:00,M06,AAPL,equity,R,25000
E003207,2026-09-03 12:24:00,M06,NVDA,equity,R,50000
E003208,2026-09-05 11:54:00,M06,SPY,etf,R,25000
E003209,2026-09-08 14:00:00,M06,MSFT,equity,A,25000
E003210,2026-09-18 10:50:00,M06,JPM,equity,A,50000
E003211,2026-09-11 13:56:00,M06,JPM,equity,R,25000
E003212,2026-09-20 13:07:00,M06,MSFT,equity,A,50000
E003213,2026-09-07 13:51:00,M06,SPY,etf,R,10000
E003214,2026-09-14 14:52:00,M06,JPM,equity,R,10000
E003215,2026-09-07 10:18:00,M06,NVDA,equity,A,25000
E003216,2026-09-25 12:05:00,M06,SPY,etf,A,50000
E003217,2026-09-21 12:35:00,M06,JPM,equity,A,10000
E003218,2026-09-04 11:29:00,M06,NVDA,equity,A,25000
E003219,2026-09-15 11:10:00,M06,QQQ,etf,R,50000
E003220,2026-09-04 09:55:00,M06,AAPL,equity,A,25000
E003221,2026-09-05 11:53:00,M06,NVDA,equity,R,25000
E003222,2026-09-21 12:41:00,M06,AAPL,equity,A,35000
E003223,2026-09-27 15:02:00,M06,NVDA,option,R,323
E003224,2026-09-25 13:02:00,M06,NVDA,option,R,299
E003225,2026-09-23 14:08:00,M06,AAPL,option,R,380
E003226,2026-09-05 09:33:00,M06,AAPL,option,A,81
E003227,2026-09-25 11:22:00,M06,MSFT,option,A,57
E003228,2026-09-25 09:31:00,M06,JPM,option,R,185
E003229,2026-09-14 14:50:00,M06,AAPL,option,A,278
E003230,2026-09-27 10:28:00,M07,AAPL,equity,A,50000
E003231,2026-09-08 09:41:00,M07,MSFT,equity,R,25000
E003232,2026-09-21 15:44:00,M07,AAPL,equity,A,10000
E003233,2026-09-08 15:14:00,M07,AAPL,equity,R,10000
E003234,2026-09-11 11:24:00,M07,QQQ,etf,R,10000
E003235,2026-09-01 13:48:00,M07,JPM,equity,A,50000
E003236,2026-09-23 14:26:00,M07,SPY,etf,R,10000
E003237,2026-09-19 09:13:00,M07,MSFT,equity,A,10000
E003238,2026-09-12 14:05:00,M07,AAPL,equity,R,25000
E003239,2026-09-27 10:25:00,M07,QQQ,etf,A,25000
E003240,2026-09-21 14:39:00,M07,AAPL,equity,A,50000
E003241,2026-09-17 12:10:00,M07,NVDA,equity,R,25000
E003242,2026-09-07 11:57:00,M07,NVDA,option,A,181
E003243,2026-09-10 12:01:00,M07,AAPL,option,R,343
E003244,2026-09-06 09:02:00,M07,JPM,option,A,114
E003245,2026-09-28 10:12:00,M07,AAPL,option,R,390
E003246,2026-09-23 14:13:00,M07,NVDA,option,R,436
E003247,2026-09-15 09:41:00,M07,NVDA,option,R,194
E003248,2026-09-17 09:19:00,M07,NVDA,option,A,121
E003249,2026-09-11 10:31:00,M07,MSFT,option,R,450
E003250,2026-09-11 12:25:00,M07,JPM,option,R,378
E003251,2026-09-16 12:35:00,M07,MSFT,option,R,481
E003252,2026-09-20 09:56:00,M07,MSFT,option,A,49
E003253,2026-09-02 15:00:00,M07,AAPL,option,R,327
E003254,2026-09-15 12:46:00,M07,AAPL,option,R,165
E003255,2026-09-02 11:13:00,M07,MSFT,option,R,59
E003256,2026-09-03 11:26:00,M08,NVDA,equity,R,50000
E003257,2026-09-04 11:09:00,M08,AAPL,equity,A,25000
E003258,2026-09-21 14:43:00,M08,AAPL,equity,R,10000
E003259,2026-09-01 09:05:00,M08,MSFT,equity,R,25000
E003260,2026-09-23 13:17:00,M08,QQQ,etf,A,25000
E003261,2026-09-16 09:46:00,M08,QQQ,etf,R,50000
E003262,2026-09-13 14:24:00,M08,AAPL,equity,A,10000
E003263,2026-09-27 12:26:00,M08,JPM,equity,A,25000
E003264,2026-09-02 14:04:00,M08,QQQ,etf,R,10000
E003265,2026-09-10 14:30:00,M08,SPY,etf,A,25000
E003266,2026-09-22 11:55:00,M08,AAPL,equity,A,25000
E003267,2026-09-26 09:41:00,M08,JPM,equity,A,50000
E003268,2026-09-18 14:31:00,M08,JPM,equity,R,50000
E003269,2026-09-02 11:23:00,M08,SPY,etf,A,50000
E003270,2026-09-27 12:34:00,M08,JPM,equity,A,25000
E003271,2026-09-24 13:34:00,M08,NVDA,equity,A,50000
E003272,2026-09-12 12:11:00,M08,SPY,etf,R,50000
E003273,2026-09-12 15:18:00,M08,JPM,equity,A,25000
E003274,2026-09-22 13:26:00,M08,JPM,equity,A,50000
E003275,2026-09-20 11:56:00,M08,AAPL,equity,A,25000
E003276,2026-09-15 12:48:00,M08,SPY,etf,R,25000
E003277,2026-09-02 11:32:00,M08,MSFT,equity,R,50000
E003278,2026-09-20 11:34:00,M08,MSFT,equity,R,50000
E003279,2026-09-28 15:36:00,M08,MSFT,equity,A,50000
E003280,2026-09-13 09:52:00,M08,SPY,etf,R,10000
E003281,2026-09-18 09:33:00,M08,QQQ,etf,A,10000
E003282,2026-09-18 14:10:00,M08,NVDA,equity,R,10000
E003283,2026-09-26 11:31:00,M08,SPY,etf,A,50000
E003284,2026-09-18 12:33:00,M08,NVDA,equity,R,50000
E003285,2026-09-19 11:47:00,M08,MSFT,equity,R,25000
E003286,2026-09-21 14:29:00,M08,MSFT,equity,A,10000
E003287,2026-09-23 09:57:00,M08,MSFT,equity,R,50000
E003288,2026-09-16 10:58:00,M08,AAPL,equity,A,50000
E003289,2026-09-25 12:19:00,M08,MSFT,equity,R,25000
E003290,2026-09-04 15:12:00,M08,SPY,etf,A,50000
E003291,2026-09-04 10:11:00,M08,NVDA,equity,R,10000
E003292,2026-09-03 11:28:00,M08,AAPL,equity,R,50000
E003293,2026-09-22 12:00:00,M08,NVDA,equity,R,25000
E003294,2026-09-13 11:13:00,M08,NVDA,equity,A,25000
E003295,2026-09-16 14:39:00,M08,QQQ,etf,R,50000
E003296,2026-09-02 12:20:00,M08,JPM,equity,A,50000
E003297,2026-09-16 15:51:00,M08,SPY,etf,A,25000
E003298,2026-09-14 14:37:00,M08,AAPL,equity,R,50000
E003299,2026-09-16 09:24:00,M08,SPY,etf,A,25000
E003300,2026-09-16 11:34:00,M08,AAPL,equity,A,25000
E003301,2026-09-27 14:40:00,M08,SPY,etf,R,10000
E003302,2026-09-24 11:15:00,M08,JPM,equity,R,25000
E003303,2026-09-11 11:35:00,M08,AAPL,equity,R,25000
E003304,2026-09-20 12:06:00,M08,MSFT,equity,A,25000
E003305,2026-09-28 14:49:00,M08,QQQ,etf,A,10000
E003306,2026-09-03 13:11:00,M08,JPM,equity,R,50000
E003307,2026-09-13 15:59:00,M08,QQQ,etf,R,50000
E003308,2026-09-09 13:07:00,M08,AAPL,equity,R,50000
E003309,2026-09-15 11:54:00,M08,MSFT,equity,A,25000
E003310,2026-09-11 12:07:00,M08,QQQ,etf,R,25000
E003311,2026-09-16 10:00:00,M08,MSFT,option,A,256
E003312,2026-09-13 09:19:00,M08,MSFT,option,A,405
E003313,2026-09-22 13:54:00,M08,NVDA,option,R,453
E003314,2026-09-23 09:06:00,M08,JPM,option,A,423
E003315,2026-09-20 13:01:00,M08,MSFT,option,R,389
E003316,2026-09-23 12:01:00,M08,NVDA,option,R,416
E003317,2026-09-18 09:26:00,M09,SPY,etf,R,25000
E003318,2026-09-18 14:27:00,M09,JPM,equity,A,25000
E003319,2026-09-22 11:30:00,M09,NVDA,equity,R,10000
E003320,2026-09-04 09:10:00,M09,MSFT,equity,A,10000
E003321,2026-09-07 12:42:00,M09,SPY,etf,R,10000
E003322,2026-09-09 12:04:00,M09,QQQ,etf,R,25000
E003323,2026-09-19 12:07:00,M09,MSFT,equity,R,50000
E003324,2026-09-05 11:08:00,M09,MSFT,equity,R,10000
E003325,2026-09-12 09:32:00,M09,AAPL,equity,R,25000
E003326,2026-09-22 11:37:00,M09,QQQ,etf,R,10000
E003327,2026-09-11 10:55:00,M09,MSFT,equity,R,25000
E003328,2026-09-22 12:30:00,M09,MSFT,equity,R,10000
E003329,2026-09-13 13:40:00,M09,MSFT,equity,R,10000
E003330,2026-09-22 10:54:00,M09,MSFT,equity,R,10000
E003331,2026-09-17 09:36:00,M09,JPM,equity,A,10000
E003332,2026-09-27 14:23:00,M09,JPM,equity,R,50000
E003333,2026-09-02 15:27:00,M09,JPM,equity,A,25000
E003334,2026-09-01 10:42:00,M09,JPM,equity,R,25000
E003335,2026-09-15 13:53:00,M09,JPM,equity,R,25000
E003336,2026-09-16 13:50:00,M09,MSFT,equity,R,50000
E003337,2026-09-28 15:40:00,M09,SPY,etf,A,25000
E003338,2026-09-10 12:49:00,M09,QQQ,etf,A,50000
E003339,2026-09-14 09:35:00,M09,AAPL,equity,A,50000
E003340,2026-09-02 11:17:00,M09,SPY,etf,A,10000
E003341,2026-09-26 11:19:00,M09,SPY,etf,R,25000
E003342,2026-09-10 15:30:00,M09,NVDA,equity,R,50000
E003343,2026-09-19 14:35:00,M09,SPY,etf,R,25000
E003344,2026-09-22 15:36:00,M09,QQQ,etf,A,50000
E003345,2026-09-23 12:21:00,M09,AAPL,equity,R,25000
E003346,2026-09-03 11:40:00,M09,SPY,etf,A,50000
E003347,2026-09-20 13:14:00,M09,NVDA,equity,A,25000
E003348,2026-09-19 10:22:00,M09,MSFT,equity,R,25000
E003349,2026-09-17 14:26:00,M09,NVDA,equity,A,10000
E003350,2026-09-22 14:12:00,M09,JPM,equity,R,50000
E003351,2026-09-10 10:43:00,M09,SPY,etf,R,10000
E003352,2026-09-18 11:13:00,M09,QQQ,etf,R,50000
E003353,2026-09-06 09:46:00,M09,QQQ,etf,R,50000
E003354,2026-09-08 10:38:00,M09,SPY,etf,R,25000
E003355,2026-09-21 15:31:00,M09,MSFT,equity,A,25000
E003356,2026-09-23 11:59:00,M09,JPM,equity,R,25000
E003357,2026-09-05 11:38:00,M09,NVDA,equity,A,50000
E003358,2026-09-27 13:25:00,M09,JPM,equity,A,10000
E003359,2026-09-16 12:59:00,M09,NVDA,equity,R,10000
E003360,2026-09-17 13:26:00,M09,NVDA,equity,A,50000
E003361,2026-09-21 12:38:00,M09,JPM,equity,A,10000
E003362,2026-09-11 09:08:00,M09,JPM,equity,A,25000
E003363,2026-09-02 15:04:00,M09,AAPL,equity,A,25000
E003364,2026-09-09 10:50:00,M09,QQQ,etf,A,50000
E003365,2026-09-14 10:02:00,M09,SPY,etf,R,50000
E003366,2026-09-01 09:21:00,M09,AAPL,equity,R,50000
E003367,2026-09-10 12:15:00,M09,NVDA,equity,A,50000
E003368,2026-09-19 15:17:00,M09,QQQ,etf,R,50000
E003369,2026-09-05 09:35:00,M09,MSFT,equity,R,25000
E003370,2026-09-26 15:24:00,M09,MSFT,equity,A,10000
E003371,2026-09-06 09:36:00,M09,AAPL,equity,R,50000
E003372,2026-09-04 09:15:00,M09,JPM,equity,R,25000
E003373,2026-09-15 13:10:00,M09,MSFT,equity,R,10000
E003374,2026-09-04 09:15:00,M09,NVDA,equity,R,10000
E003375,2026-09-28 13:54:00,M09,QQQ,etf,A,25000
E003376,2026-09-04 15:05:00,M09,MSFT,equity,R,10000
E003377,2026-09-05 14:56:00,M09,JPM,equity,A,25000
E003378,2026-09-01 13:48:00,M09,JPM,equity,A,50000
E003379,2026-09-14 15:56:00,M09,JPM,equity,R,50000
E003380,2026-09-16 13:39:00,M09,AAPL,equity,A,25000
E003381,2026-09-07 11:09:00,M09,QQQ,etf,R,25000
E003382,2026-09-22 12:10:00,M09,SPY,etf,R,50000
E003383,2026-09-11 11:25:00,M09,MSFT,equity,A,10000
E003384,2026-09-08 12:38:00,M09,NVDA,equity,R,50000
E003385,2026-09-19 10:41:00,M09,SPY,etf,R,10000
E003386,2026-09-26 09:24:00,M09,SPY,etf,R,25000
E003387,2026-09-01 12:27:00,M09,JPM,equity,R,25000
E003388,2026-09-14 11:22:00,M09,AAPL,equity,A,25000
E003389,2026-09-16 10:10:00,M09,NVDA,equity,A,25000
E003390,2026-09-17 13:33:00,M09,SPY,etf,R,50000
E003391,2026-09-12 09:48:00,M09,JPM,equity,A,10000
E003392,2026-09-03 13:44:00,M09,MSFT,equity,R,50000
E003393,2026-09-17 11:28:00,M09,AAPL,equity,A,25000
E003394,2026-09-09 15:58:00,M09,JPM,equity,A,10000
E003395,2026-09-06 13:04:00,M09,NVDA,equity,A,25000
E003396,2026-09-02 13:41:00,M09,QQQ,etf,R,10000
E003397,2026-09-10 13:30:00,M09,MSFT,equity,R,50000
E003398,2026-09-01 15:12:00,M09,MSFT,equity,R,10000
E003399,2026-09-25 09:17:00,M09,AAPL,equity,R,10000
E003400,2026-09-04 15:29:00,M09,QQQ,etf,R,10000
E003401,2026-09-06 10:34:00,M09,SPY,etf,R,25000
E003402,2026-09-11 15:10:00,M09,AAPL,equity,R,10000
E003403,2026-09-17 13:57:00,M09,AAPL,equity,A,50000
E003404,2026-09-02 12:09:00,M09,MSFT,equity,R,10000
E003405,2026-09-27 11:36:00,M09,QQQ,etf,R,10000
E003406,2026-09-15 10:45:00,M09,MSFT,equity,A,25000
E003407,2026-09-21 13:48:00,M09,MSFT,equity,A,10000
E003408,2026-09-01 11:29:00,M09,MSFT,equity,R,25000
E003409,2026-09-25 12:35:00,M09,SPY,etf,R,25000
E003410,2026-09-15 14:33:00,M09,QQQ,etf,A,25000
E003411,2026-09-23 15:47:00,M09,QQQ,etf,R,50000
E003412,2026-09-14 10:32:00,M09,QQQ,etf,R,25000
E003413,2026-09-07 09:38:00,M09,AAPL,equity,R,10000
E003414,2026-09-20 12:24:00,M09,AAPL,equity,A,25000
E003415,2026-09-11 12:12:00,M09,AAPL,equity,R,25000
E003416,2026-09-25 14:48:00,M09,JPM,equity,A,10000
E003417,2026-09-05 14:50:00,M09,SPY,etf,A,50000
E003418,2026-09-01 10:57:00,M09,MSFT,equity,R,10000
E003419,2026-09-15 14:29:00,M09,JPM,equity,A,25000
E003420,2026-09-05 12:03:00,M09,JPM,equity,A,10000
E003421,2026-09-04 11:23:00,M09,SPY,etf,A,10000
E003422,2026-09-21 15:27:00,M09,JPM,equity,A,25000
E003423,2026-09-27 13:35:00,M09,NVDA,equity,R,25000
E003424,2026-09-12 11:12:00,M09,AAPL,equity,A,25000
E003425,2026-09-01 09:09:00,M09,MSFT,equity,R,50000
E003426,2026-09-02 09:32:00,M09,NVDA,equity,A,50000
E003427,2026-09-01 12:25:00,M09,NVDA,equity,A,50000
E003428,2026-09-12 13:20:00,M09,JPM,equity,A,50000
E003429,2026-09-19 09:56:00,M09,QQQ,etf,R,10000
E003430,2026-09-25 13:02:00,M09,JPM,equity,R,25000
E003431,2026-09-24 13:32:00,M09,SPY,etf,A,50000
E003432,2026-09-11 14:45:00,M09,JPM,equity,R,10000
E003433,2026-09-09 10:09:00,M09,SPY,etf,R,50000
E003434,2026-09-20 12:17:00,M09,AAPL,equity,A,10000
E003435,2026-09-10 09:08:00,M09,AAPL,equity,A,10000
E003436,2026-09-14 15:52:00,M09,MSFT,equity,R,50000
E003437,2026-09-19 11:58:00,M09,QQQ,etf,A,25000
E003438,2026-09-28 09:16:00,M09,MSFT,equity,R,10000
E003439,2026-09-15 10:59:00,M09,MSFT,equity,R,10000
E003440,2026-09-22 12:51:00,M09,AAPL,equity,R,10000
E003441,2026-09-12 15:30:00,M09,SPY,etf,R,50000
E003442,2026-09-18 13:56:00,M09,QQQ,etf,R,25000
E003443,2026-09-21 14:20:00,M09,NVDA,equity,R,50000
E003444,2026-09-27 14:37:00,M09,SPY,etf,R,50000
E003445,2026-09-25 10:14:00,M09,QQQ,etf,R,25000
E003446,2026-09-09 11:32:00,M09,JPM,equity,A,25000
E003447,2026-09-02 13:19:00,M09,JPM,equity,R,50000
E003448,2026-09-27 10:35:00,M09,AAPL,equity,A,25000
E003449,2026-09-15 10:59:00,M09,MSFT,equity,A,10000
E003450,2026-09-12 12:47:00,M09,QQQ,etf,A,50000
E003451,2026-09-10 09:15:00,M09,NVDA,equity,A,50000
E003452,2026-09-03 15:20:00,M09,SPY,etf,R,25000
E003453,2026-09-13 15:27:00,M09,JPM,equity,A,10000
E003454,2026-09-11 11:07:00,M09,AAPL,equity,A,25000
E003455,2026-09-13 13:13:00,M09,JPM,equity,R,25000
E003456,2026-09-08 13:51:00,M09,NVDA,equity,A,10000
E003457,2026-09-11 13:24:00,M09,QQQ,etf,R,10000
E003458,2026-09-03 15:47:00,M09,AAPL,equity,A,10000
E003459,2026-09-16 09:59:00,M09,JPM,equity,R,50000
E003460,2026-09-05 09:00:00,M09,SPY,etf,R,50000
E003461,2026-09-10 15:23:00,M09,MSFT,equity,R,10000
E003462,2026-09-22 13:05:00,M09,NVDA,equity,A,50000
E003463,2026-09-04 09:37:00,M09,NVDA,equity,A,25000
E003464,2026-09-01 15:59:00,M09,QQQ,etf,A,10000
E003465,2026-09-27 12:06:00,M09,JPM,equity,A,10000
E003466,2026-09-27 13:04:00,M09,QQQ,etf,R,25000
E003467,2026-09-03 12:38:00,M09,MSFT,equity,R,25000
E003468,2026-09-25 14:32:00,M09,SPY,etf,A,10000
E003469,2026-09-23 11:02:00,M09,MSFT,equity,A,50000
E003470,2026-09-06 14:30:00,M09,SPY,etf,R,25000
E003471,2026-09-10 11:41:00,M09,QQQ,etf,R,25000
E003472,2026-09-26 10:50:00,M09,JPM,equity,R,25000
E003473,2026-09-11 10:15:00,M09,SPY,etf,R,25000
E003474,2026-09-02 09:03:00,M09,MSFT,equity,R,50000
E003475,2026-09-04 12:08:00,M09,MSFT,equity,A,10000
E003476,2026-09-25 11:44:00,M09,NVDA,equity,A,10000
E003477,2026-09-16 12:26:00,M09,SPY,etf,A,10000
E003478,2026-09-22 13:46:00,M09,SPY,etf,R,50000
E003479,2026-09-16 14:02:00,M09,MSFT,equity,A,50000
E003480,2026-09-12 09:03:00,M09,MSFT,equity,A,25000
E003481,2026-09-06 15:31:00,M09,JPM,equity,R,25000
E003482,2026-09-28 11:28:00,M09,SPY,etf,A,25000
E003483,2026-09-23 12:42:00,M09,SPY,etf,A,25000
E003484,2026-09-06 09:55:00,M09,SPY,etf,R,50000
E003485,2026-09-03 12:56:00,M09,JPM,equity,R,25000
E003486,2026-09-05 10:32:00,M09,AAPL,equity,R,10000
E003487,2026-09-24 10:26:00,M09,MSFT,equity,A,25000
E003488,2026-09-12 14:21:00,M09,SPY,etf,R,10000
E003489,2026-09-01 09:30:00,M09,NVDA,equity,R,25000
E003490,2026-09-07 10:21:00,M09,MSFT,equity,R,50000
E003491,2026-09-17 11:33:00,M09,SPY,etf,A,50000
E003492,2026-09-20 13:12:00,M09,QQQ,etf,R,50000
E003493,2026-09-15 14:37:00,M09,AAPL,equity,R,50000
E003494,2026-09-02 11:21:00,M09,JPM,equity,A,50000
E003495,2026-09-26 09:30:00,M09,SPY,etf,R,50000
E003496,2026-09-20 13:14:00,M09,JPM,equity,R,25000
E003497,2026-09-15 11:19:00,M09,MSFT,equity,R,50000
E003498,2026-09-22 13:16:00,M09,MSFT,equity,A,10000
E003499,2026-09-08 09:14:00,M09,QQQ,etf,R,10000
E003500,2026-09-13 09:27:00,M09,MSFT,equity,A,25000
E003501,2026-09-18 15:57:00,M09,NVDA,equity,R,10000
E003502,2026-09-17 15:46:00,M09,AAPL,equity,R,25000
E003503,2026-09-25 13:42:00,M09,NVDA,equity,A,50000
E003504,2026-09-18 14:35:00,M09,MSFT,equity,A,50000
E003505,2026-09-13 13:46:00,M09,MSFT,equity,A,10000
E003506,2026-09-07 09:43:00,M09,SPY,etf,R,50000
E003507,2026-09-08 12:01:00,M09,SPY,etf,A,25000
E003508,2026-09-09 10:42:00,M09,SPY,etf,A,50000
E003509,2026-09-06 12:13:00,M09,JPM,equity,R,25000
E003510,2026-09-25 11:19:00,M09,AAPL,equity,R,25000
E003511,2026-09-21 09:04:00,M09,QQQ,etf,R,50000
E003512,2026-09-08 09:49:00,M09,AAPL,equity,R,10000
E003513,2026-09-04 15:28:00,M09,MSFT,equity,A,25000
E003514,2026-09-15 13:07:00,M09,QQQ,etf,R,50000
E003515,2026-09-26 09:22:00,M09,NVDA,equity,R,50000
E003516,2026-09-13 15:12:00,M09,MSFT,equity,R,25000
E003517,2026-09-01 13:51:00,M09,SPY,etf,R,25000
E003518,2026-09-06 10:21:00,M09,AAPL,equity,A,10000
E003519,2026-09-07 12:59:00,M09,QQQ,etf,R,50000
E003520,2026-09-11 15:24:00,M09,AAPL,equity,R,25000
E003521,2026-09-26 13:49:00,M09,AAPL,equity,R,25000
E003522,2026-09-07 13:40:00,M09,MSFT,equity,R,10000
E003523,2026-09-23 09:47:00,M09,SPY,etf,A,50000
E003524,2026-09-18 15:29:00,M09,JPM,equity,A,50000
E003525,2026-09-07 09:02:00,M09,NVDA,equity,R,50000
E003526,2026-09-12 09:42:00,M09,QQQ,etf,R,10000
E003527,2026-09-14 14:53:00,M09,NVDA,equity,A,50000
E003528,2026-09-03 10:53:00,M09,JPM,equity,A,25000
E003529,2026-09-25 09:37:00,M09,QQQ,etf,A,50000
E003530,2026-09-18 14:48:00,M09,QQQ,etf,A,25000
E003531,2026-09-26 15:40:00,M09,AAPL,equity,A,50000
E003532,2026-09-27 12:18:00,M09,QQQ,etf,A,25000
E003533,2026-09-10 14:08:00,M09,AAPL,equity,R,10000
E003534,2026-09-09 11:54:00,M09,MSFT,equity,R,25000
E003535,2026-09-12 09:31:00,M09,QQQ,etf,A,10000
E003536,2026-09-01 09:18:00,M09,JPM,equity,A,25000
E003537,2026-09-28 10:59:00,M09,AAPL,equity,R,50000
E003538,2026-09-12 09:06:00,M09,AAPL,equity,R,50000
E003539,2026-09-04 10:36:00,M09,NVDA,equity,A,25000
E003540,2026-09-02 11:19:00,M09,MSFT,equity,R,10000
E003541,2026-09-28 09:51:00,M09,QQQ,etf,R,50000
E003542,2026-09-18 11:58:00,M09,SPY,etf,R,45000
E003543,2026-09-13 15:59:00,M09,AAPL,option,A,468
E003544,2026-09-22 11:17:00,M09,JPM,option,R,57
E003545,2026-09-04 13:00:00,M09,MSFT,option,A,45
E003546,2026-09-16 15:23:00,M09,JPM,option,R,31
E003547,2026-09-06 13:35:00,M09,AAPL,option,R,145
E003548,2026-09-11 10:11:00,M09,MSFT,option,R,51
E003549,2026-09-26 09:30:00,M09,AAPL,option,A,332
E003550,2026-09-24 15:55:00,M09,MSFT,option,R,96
E003551,2026-09-01 14:33:00,M09,MSFT,option,R,218
E003552,2026-09-16 13:15:00,M10,MSFT,equity,A,50000
E003553,2026-09-22 12:12:00,M10,QQQ,etf,R,10000
E003554,2026-09-05 12:37:00,M10,NVDA,equity,R,25000
E003555,2026-09-09 10:39:00,M10,NVDA,equity,R,50000
E003556,2026-09-14 11:41:00,M10,SPY,etf,R,10000
E003557,2026-09-13 13:12:00,M10,AAPL,equity,R,10000
E003558,2026-09-19 10:52:00,M10,MSFT,equity,R,50000
E003559,2026-09-08 10:45:00,M10,SPY,etf,A,10000
E003560,2026-09-02 14:04:00,M10,SPY,etf,R,10000
E003561,2026-09-09 09:36:00,M10,MSFT,equity,A,10000
E003562,2026-09-04 15:44:00,M10,SPY,etf,A,10000
E003563,2026-09-07 12:09:00,M10,NVDA,equity,A,10000
E003564,2026-09-28 11:20:00,M10,AAPL,equity,R,50000
E003565,2026-09-17 14:17:00,M10,SPY,etf,R,25000
E003566,2026-09-05 10:24:00,M10,SPY,etf,A,10000
E003567,2026-09-08 12:31:00,M10,SPY,etf,R,50000
E003568,2026-09-09 09:27:00,M10,AAPL,equity,R,25000
E003569,2026-09-24 12:33:00,M10,AAPL,equity,A,10000
E003570,2026-09-10 10:18:00,M10,AAPL,equity,A,25000
E003571,2026-09-16 15:48:00,M10,AAPL,equity,R,25000
E003572,2026-09-12 11:41:00,M10,JPM,equity,A,50000
E003573,2026-09-28 11:53:00,M10,SPY,etf,R,10000
E003574,2026-09-06 12:14:00,M10,NVDA,equity,R,25000
E003575,2026-09-25 10:41:00,M10,AAPL,equity,R,10000
E003576,2026-09-17 14:59:00,M10,QQQ,etf,A,10000
E003577,2026-09-12 13:16:00,M10,SPY,etf,R,25000
E003578,2026-09-17 15:19:00,M10,SPY,etf,R,25000
E003579,2026-09-19 09:15:00,M10,AAPL,equity,R,10000
E003580,2026-09-25 14:59:00,M10,MSFT,equity,R,25000
E003581,2026-09-26 13:58:00,M10,QQQ,etf,A,50000
E003582,2026-09-01 10:01:00,M10,QQQ,etf,A,25000
E003583,2026-09-14 13:21:00,M10,QQQ,etf,A,50000
E003584,2026-09-04 14:19:00,M10,MSFT,equity,R,10000
E003585,2026-09-23 15:17:00,M10,NVDA,equity,R,25000
E003586,2026-09-22 15:38:00,M10,JPM,equity,R,50000
E003587,2026-09-13 12:39:00,M10,AAPL,equity,A,25000
E003588,2026-09-02 15:21:00,M10,NVDA,equity,A,10000
E003589,2026-09-11 12:14:00,M10,QQQ,etf,R,10000
E003590,2026-09-23 09:06:00,M10,AAPL,equity,R,50000
E003591,2026-09-14 15:02:00,M10,MSFT,equity,A,10000
E003592,2026-09-24 09:06:00,M10,QQQ,etf,R,25000
E003593,2026-09-23 10:14:00,M10,JPM,equity,R,50000
E003594,2026-09-04 09:16:00,M10,NVDA,equity,A,10000
E003595,2026-09-04 11:41:00,M10,JPM,equity,R,50000
E003596,2026-09-03 11:59:00,M10,MSFT,equity,A,25000
E003597,2026-09-26 11:50:00,M10,AAPL,equity,R,10000
E003598,2026-09-25 10:02:00,M10,SPY,etf,R,50000
E003599,2026-09-06 14:48:00,M10,QQQ,etf,R,25000
E003600,2026-09-27 10:50:00,M10,JPM,equity,R,10000
E003601,2026-09-03 13:37:00,M10,AAPL,equity,A,25000
E003602,2026-09-01 12:44:00,M10,NVDA,equity,A,50000
E003603,2026-09-18 14:10:00,M10,JPM,equity,A,25000
E003604,2026-09-19 09:42:00,M10,SPY,etf,A,10000
E003605,2026-09-08 14:02:00,M10,MSFT,equity,R,10000
E003606,2026-09-07 10:18:00,M10,MSFT,equity,R,10000
E003607,2026-09-08 13:08:00,M10,JPM,equity,A,50000
E003608,2026-09-07 11:40:00,M10,SPY,etf,R,50000
E003609,2026-09-14 10:44:00,M10,SPY,etf,A,25000
E003610,2026-09-13 09:10:00,M10,JPM,equity,A,10000
E003611,2026-09-22 15:57:00,M10,MSFT,equity,R,50000
E003612,2026-09-07 09:09:00,M10,MSFT,equity,R,10000
E003613,2026-09-23 15:10:00,M10,MSFT,equity,A,25000
E003614,2026-09-18 14:33:00,M10,SPY,etf,R,50000
E003615,2026-09-11 12:10:00,M10,QQQ,etf,R,50000
E003616,2026-09-22 13:13:00,M10,QQQ,etf,R,50000
E003617,2026-09-20 15:50:00,M10,MSFT,equity,R,25000
E003618,2026-09-20 10:59:00,M10,NVDA,equity,R,25000
E003619,2026-09-13 11:24:00,M10,MSFT,equity,R,10000
E003620,2026-09-28 13:07:00,M10,AAPL,equity,R,25000
E003621,2026-09-08 14:44:00,M10,AAPL,equity,R,10000
E003622,2026-09-16 12:58:00,M10,QQQ,etf,R,10000
E003623,2026-09-27 10:03:00,M10,SPY,etf,R,50000
E003624,2026-09-26 10:15:00,M10,MSFT,equity,R,50000
E003625,2026-09-18 09:15:00,M10,QQQ,etf,R,50000
E003626,2026-09-17 13:05:00,M10,NVDA,equity,A,10000
E003627,2026-09-05 15:11:00,M10,QQQ,etf,A,25000
E003628,2026-09-05 15:50:00,M10,MSFT,equity,A,25000
E003629,2026-09-17 10:39:00,M10,AAPL,equity,R,50000
E003630,2026-09-21 13:05:00,M10,SPY,etf,R,25000
E003631,2026-09-06 14:17:00,M10,JPM,equity,R,25000
E003632,2026-09-02 15:00:00,M10,AAPL,equity,R,25000
E003633,2026-09-01 15:51:00,M10,SPY,etf,R,50000
E003634,2026-09-06 15:47:00,M10,NVDA,equity,R,10000
E003635,2026-09-03 14:12:00,M10,AAPL,equity,R,50000
E003636,2026-09-26 13:41:00,M10,JPM,equity,A,10000
E003637,2026-09-20 09:46:00,M10,SPY,etf,A,50000
E003638,2026-09-13 14:07:00,M10,NVDA,equity,R,25000
E003639,2026-09-10 15:18:00,M10,SPY,etf,A,50000
E003640,2026-09-27 10:38:00,M10,QQQ,etf,R,10000
E003641,2026-09-10 12:33:00,M10,JPM,equity,R,50000
E003642,2026-09-06 15:48:00,M10,MSFT,equity,A,10000
E003643,2026-09-11 12:30:00,M10,AAPL,equity,A,50000
E003644,2026-09-01 09:38:00,M10,JPM,equity,A,25000
E003645,2026-09-08 12:22:00,M10,NVDA,equity,R,50000
E003646,2026-09-24 13:17:00,M10,NVDA,equity,R,10000
E003647,2026-09-19 09:15:00,M10,JPM,equity,R,25000
E003648,2026-09-08 11:23:00,M10,QQQ,etf,R,25000
E003649,2026-09-27 10:50:00,M10,NVDA,equity,R,25000
E003650,2026-09-18 14:02:00,M10,AAPL,equity,R,50000
E003651,2026-09-07 10:26:00,M10,JPM,equity,R,10000
E003652,2026-09-15 13:22:00,M10,QQQ,etf,R,50000
E003653,2026-09-25 14:54:00,M10,QQQ,etf,R,10000
E003654,2026-09-03 09:17:00,M10,MSFT,equity,R,10000
E003655,2026-09-09 15:33:00,M10,JPM,equity,A,10000
E003656,2026-09-24 09:16:00,M10,QQQ,etf,R,50000
E003657,2026-09-06 13:30:00,M10,SPY,etf,R,25000
E003658,2026-09-07 12:45:00,M10,QQQ,etf,R,10000
E003659,2026-09-03 12:17:00,M10,SPY,etf,A,50000
E003660,2026-09-05 14:25:00,M10,AAPL,equity,R,50000
E003661,2026-09-06 13:36:00,M10,SPY,etf,R,25000
E003662,2026-09-10 12:19:00,M10,SPY,etf,A,50000
E003663,2026-09-25 14:08:00,M10,JPM,equity,A,10000
E003664,2026-09-14 10:06:00,M10,QQQ,etf,A,50000
E003665,2026-09-15 15:02:00,M10,AAPL,equity,R,25000
E003666,2026-09-13 10:22:00,M10,SPY,etf,R,25000
E003667,2026-09-28 15:02:00,M10,NVDA,equity,A,25000
E003668,2026-09-22 11:21:00,M10,SPY,etf,R,10000
E003669,2026-09-07 15:58:00,M10,NVDA,equity,R,10000
E003670,2026-09-16 12:19:00,M10,AAPL,equity,R,50000
E003671,2026-09-17 13:52:00,M10,NVDA,equity,R,25000
E003672,2026-09-24 09:23:00,M10,MSFT,equity,A,10000
E003673,2026-09-17 10:53:00,M10,QQQ,etf,R,50000
E003674,2026-09-05 12:39:00,M10,SPY,etf,R,25000
E003675,2026-09-23 11:02:00,M10,SPY,etf,A,10000
E003676,2026-09-28 11:15:00,M10,AAPL,equity,A,50000
E003677,2026-09-25 15:22:00,M10,MSFT,equity,A,10000
E003678,2026-09-19 11:56:00,M10,NVDA,equity,R,50000
E003679,2026-09-08 15:09:00,M10,SPY,etf,R,25000
E003680,2026-09-23 13:29:00,M10,AAPL,equity,R,10000
E003681,2026-09-18 09:38:00,M10,AAPL,equity,R,50000
E003682,2026-09-03 14:43:00,M10,QQQ,etf,A,10000
E003683,2026-09-13 14:20:00,M10,MSFT,equity,R,10000
E003684,2026-09-28 09:46:00,M10,JPM,equity,A,10000
E003685,2026-09-25 13:31:00,M10,QQQ,etf,R,10000
E003686,2026-09-04 12:32:00,M10,JPM,equity,R,25000
E003687,2026-09-28 13:57:00,M10,SPY,etf,A,50000
E003688,2026-09-27 09:51:00,M10,MSFT,equity,A,10000
E003689,2026-09-25 12:07:00,M10,NVDA,equity,R,10000
E003690,2026-09-01 10:44:00,M10,QQQ,etf,A,50000
E003691,2026-09-23 12:16:00,M10,SPY,etf,R,25000
E003692,2026-09-24 12:58:00,M10,AAPL,equity,A,50000
E003693,2026-09-07 12:23:00,M10,SPY,etf,R,50000
E003694,2026-09-02 09:19:00,M10,MSFT,equity,R,25000
E003695,2026-09-21 15:36:00,M10,QQQ,etf,A,10000
E003696,2026-09-08 10:25:00,M10,NVDA,equity,R,50000
E003697,2026-09-19 10:48:00,M10,AAPL,equity,R,25000
E003698,2026-09-27 14:10:00,M10,MSFT,equity,R,10000
E003699,2026-09-17 10:04:00,M10,QQQ,etf,A,50000
E003700,2026-09-11 12:04:00,M10,NVDA,equity,A,25000
E003701,2026-09-24 15:46:00,M10,SPY,etf,A,10000
E003702,2026-09-14 14:02:00,M10,QQQ,etf,R,50000
E003703,2026-09-25 15:21:00,M10,AAPL,equity,A,50000
E003704,2026-09-14 15:47:00,M10,JPM,equity,A,25000
E003705,2026-09-04 14:08:00,M10,AAPL,equity,R,50000
E003706,2026-09-07 15:03:00,M10,AAPL,equity,R,10000
E003707,2026-09-13 12:56:00,M10,NVDA,equity,R,10000
E003708,2026-09-05 14:29:00,M10,JPM,equity,A,10000
E003709,2026-09-04 10:49:00,M10,MSFT,equity,A,50000
E003710,2026-09-02 15:27:00,M10,NVDA,equity,R,25000
E003711,2026-09-19 09:31:00,M10,JPM,equity,R,10000
E003712,2026-09-25 13:41:00,M10,JPM,equity,R,25000
E003713,2026-09-17 15:16:00,M10,MSFT,equity,A,50000
E003714,2026-09-08 11:57:00,M10,AAPL,equity,R,10000
E003715,2026-09-25 10:21:00,M10,JPM,equity,A,50000
E003716,2026-09-18 14:57:00,M10,SPY,etf,R,25000
E003717,2026-09-07 10:41:00,M10,AAPL,equity,A,25000
E003718,2026-09-02 09:42:00,M10,AAPL,equity,A,50000
E003719,2026-09-01 13:52:00,M10,SPY,etf,A,50000
E003720,2026-09-19 14:04:00,M10,QQQ,etf,R,25000
E003721,2026-09-06 09:45:00,M10,QQQ,etf,R,25000
E003722,2026-09-26 10:25:00,M10,QQQ,etf,R,25000
E003723,2026-09-20 14:26:00,M10,QQQ,etf,R,50000
E003724,2026-09-28 15:42:00,M10,JPM,equity,A,50000
E003725,2026-09-20 15:38:00,M10,SPY,etf,R,50000
E003726,2026-09-25 15:29:00,M10,SPY,etf,A,50000
E003727,2026-09-05 13:50:00,M10,NVDA,equity,A,50000
E003728,2026-09-19 10:09:00,M10,SPY,etf,A,25000
E003729,2026-09-01 15:32:00,M10,NVDA,equity,R,10000
E003730,2026-09-26 15:12:00,M10,QQQ,etf,R,50000
E003731,2026-09-06 15:49:00,M10,AAPL,equity,R,10000
E003732,2026-09-25 10:49:00,M10,NVDA,equity,R,10000
E003733,2026-09-18 09:26:00,M10,QQQ,etf,R,25000
E003734,2026-09-16 10:25:00,M10,QQQ,etf,R,10000
E003735,2026-09-01 14:28:00,M10,JPM,equity,A,25000
E003736,2026-09-18 14:14:00,M10,NVDA,equity,R,10000
E003737,2026-09-22 14:38:00,M10,NVDA,equity,R,10000
E003738,2026-09-17 10:42:00,M10,MSFT,equity,R,50000
E003739,2026-09-27 09:57:00,M10,NVDA,equity,A,10000
E003740,2026-09-04 10:57:00,M10,SPY,etf,R,25000
E003741,2026-09-11 09:35:00,M10,JPM,equity,R,50000
E003742,2026-09-19 15:22:00,M10,JPM,equity,R,10000
E003743,2026-09-22 11:05:00,M10,JPM,equity,R,10000
E003744,2026-09-13 11:26:00,M10,QQQ,etf,R,25000
E003745,2026-09-18 12:51:00,M10,AAPL,equity,R,10000
E003746,2026-09-05 15:12:00,M10,SPY,etf,R,50000
E003747,2026-09-11 15:07:00,M10,QQQ,etf,A,25000
E003748,2026-09-13 13:09:00,M10,NVDA,equity,A,10000
E003749,2026-09-09 14:57:00,M10,QQQ,etf,A,25000
E003750,2026-09-16 15:14:00,M10,MSFT,equity,A,10000
E003751,2026-09-14 13:25:00,M10,QQQ,etf,R,50000
E003752,2026-09-02 09:53:00,M10,AAPL,equity,R,25000
E003753,2026-09-07 09:05:00,M10,QQQ,etf,R,25000
E003754,2026-09-27 15:54:00,M10,NVDA,equity,A,50000
E003755,2026-09-17 09:39:00,M10,JPM,equity,R,10000
E003756,2026-09-21 13:04:00,M10,NVDA,equity,R,10000
E003757,2026-09-15 12:49:00,M10,AAPL,equity,A,25000
E003758,2026-09-07 15:37:00,M10,QQQ,etf,R,50000
E003759,2026-09-21 10:03:00,M10,JPM,equity,R,50000
E003760,2026-09-09 11:01:00,M10,SPY,etf,R,10000
E003761,2026-09-20 11:25:00,M10,JPM,equity,A,25000
E003762,2026-09-05 14:25:00,M10,JPM,equity,R,50000
E003763,2026-09-05 13:08:00,M10,SPY,etf,A,25000
E003764,2026-09-24 15:31:00,M10,AAPL,equity,R,50000
E003765,2026-09-02 10:36:00,M10,JPM,equity,R,25000
E003766,2026-09-25 15:16:00,M10,AAPL,equity,A,50000
E003767,2026-09-18 11:04:00,M10,SPY,etf,R,50000
E003768,2026-09-15 10:05:00,M10,MSFT,equity,R,10000
E003769,2026-09-23 10:12:00,M10,NVDA,equity,A,25000
E003770,2026-09-15 13:59:00,M10,AAPL,equity,A,25000
E003771,2026-09-28 10:43:00,M10,MSFT,equity,A,10000
E003772,2026-09-01 12:07:00,M10,MSFT,equity,A,50000
E003773,2026-09-27 13:42:00,M10,MSFT,equity,A,25000
E003774,2026-09-18 13:22:00,M10,JPM,equity,A,25000
E003775,2026-09-15 09:57:00,M10,MSFT,equity,R,10000
E003776,2026-09-09 13:03:00,M10,NVDA,equity,R,25000
E003777,2026-09-11 09:09:00,M10,QQQ,etf,R,10000
E003778,2026-09-02 15:06:00,M10,QQQ,etf,R,25000
E003779,2026-09-08 12:13:00,M10,AAPL,equity,R,25000
E003780,2026-09-16 13:06:00,M10,JPM,equity,R,10000
E003781,2026-09-26 12:42:00,M10,SPY,etf,R,25000
E003782,2026-09-01 15:10:00,M10,AAPL,equity,R,10000
E003783,2026-09-18 15:11:00,M10,QQQ,etf,A,25000
E003784,2026-09-17 12:10:00,M10,NVDA,equity,R,10000
E003785,2026-09-27 12:50:00,M10,SPY,etf,R,25000
E003786,2026-09-08 15:27:00,M10,JPM,equity,R,20000
E003787,2026-09-04 15:32:00,M10,MSFT,option,A,458
E003788,2026-09-01 11:14:00,M10,NVDA,option,R,219
E003789,2026-09-01 12:50:00,M10,JPM,option,R,388
E003790,2026-09-22 09:29:00,M10,JPM,option,R,216
E003791,2026-09-28 12:15:00,M10,AAPL,option,R,216
E003792,2026-09-26 09:23:00,M10,MSFT,option,R,450
E003793,2026-09-05 09:42:00,M10,JPM,option,R,286
E003794,2026-09-21 11:20:00,M10,MSFT,option,R,124
E003795,2026-09-28 14:23:00,M11,SPY,etf,A,25000
E003796,2026-09-15 09:43:00,M11,QQQ,etf,A,25000
E003797,2026-09-24 09:33:00,M11,MSFT,equity,R,50000
E003798,2026-09-19 10:20:00,M11,AAPL,equity,R,10000
E003799,2026-09-02 13:37:00,M11,QQQ,etf,R,25000
E003800,2026-09-08 12:39:00,M11,NVDA,equity,R,50000
E003801,2026-09-28 09:10:00,M11,QQQ,etf,A,25000
E003802,2026-09-26 09:38:00,M11,NVDA,equity,R,10000
E003803,2026-09-27 13:27:00,M11,SPY,etf,R,10000
E003804,2026-09-23 11:32:00,M11,SPY,etf,R,50000
E003805,2026-09-10 13:21:00,M11,MSFT,equity,R,20000
E003806,2026-09-03 11:22:00,M11,AAPL,option,R,341
E003807,2026-09-25 09:44:00,M11,JPM,option,R,424
E003808,2026-09-06 10:57:00,M11,AAPL,option,R,192
E003809,2026-09-16 10:34:00,M11,JPM,option,R,209
E003810,2026-09-20 12:17:00,M11,MSFT,option,A,23
E003811,2026-09-03 14:40:00,M11,AAPL,option,R,324
E003812,2026-09-20 13:31:00,M11,JPM,option,A,263
E003813,2026-09-20 13:58:00,M11,MSFT,option,R,448
E003814,2026-09-28 10:53:00,M11,JPM,option,R,377
E003815,2026-09-19 10:31:00,M11,NVDA,option,R,274
E003816,2026-09-21 13:20:00,M11,AAPL,option,R,414
E003817,2026-09-21 10:43:00,M11,AAPL,option,R,214
E003818,2026-09-02 14:17:00,M11,MSFT,option,R,198
E003819,2026-09-13 12:46:00,M11,NVDA,option,R,396
E003820,2026-09-02 09:43:00,M12,QQQ,etf,A,25000
E003821,2026-09-06 15:47:00,M12,QQQ,etf,A,25000
E003822,2026-09-09 10:59:00,M12,NVDA,equity,R,25000
E003823,2026-09-13 10:08:00,M12,QQQ,etf,A,25000
E003824,2026-09-06 14:15:00,M12,NVDA,equity,R,50000
E003825,2026-09-18 14:36:00,M12,SPY,etf,R,10000
E003826,2026-09-28 10:34:00,M12,MSFT,equity,R,25000
E003827,2026-09-11 12:10:00,M12,AAPL,equity,A,50000
E003828,2026-09-11 10:34:00,M12,SPY,etf,R,50000
E003829,2026-09-06 11:24:00,M12,JPM,equity,A,50000
E003830,2026-09-13 13:14:00,M12,MSFT,equity,R,50000
E003831,2026-09-17 13:50:00,M12,NVDA,equity,R,10000
E003832,2026-09-28 13:06:00,M12,MSFT,equity,R,10000
E003833,2026-09-12 09:41:00,M12,NVDA,equity,R,25000
E003834,2026-09-28 13:20:00,M12,JPM,equity,A,25000
E003835,2026-09-25 14:18:00,M12,JPM,equity,R,25000
E003836,2026-09-07 11:40:00,M12,AAPL,equity,R,10000
E003837,2026-09-27 13:04:00,M12,QQQ,etf,R,50000
E003838,2026-09-20 12:10:00,M12,JPM,equity,A,10000
E003839,2026-09-11 13:15:00,M12,SPY,etf,A,50000
E003840,2026-09-27 11:13:00,M12,AAPL,equity,A,10000
E003841,2026-09-10 12:06:00,M12,NVDA,equity,A,10000
E003842,2026-09-04 10:46:00,M12,MSFT,equity,A,25000
E003843,2026-09-27 12:30:00,M12,MSFT,equity,R,50000
E003844,2026-09-08 15:27:00,M12,AAPL,equity,R,50000
E003845,2026-09-01 13:17:00,M12,AAPL,equity,R,25000
E003846,2026-09-28 14:51:00,M12,SPY,etf,A,10000
E003847,2026-09-25 11:11:00,M12,AAPL,equity,R,10000
E003848,2026-09-04 14:37:00,M12,QQQ,etf,R,50000
E003849,2026-09-20 14:53:00,M12,AAPL,equity,A,50000
E003850,2026-09-09 11:08:00,M12,AAPL,equity,A,25000
E003851,2026-09-18 15:49:00,M12,QQQ,etf,A,50000
E003852,2026-09-11 13:51:00,M12,MSFT,equity,R,10000
E003853,2026-09-02 11:55:00,M12,JPM,equity,R,25000
E003854,2026-09-26 15:28:00,M12,JPM,equity,R,50000
E003855,2026-09-28 10:08:00,M12,NVDA,equity,R,25000
E003856,2026-09-11 14:57:00,M12,QQQ,etf,R,25000
E003857,2026-09-11 14:37:00,M12,SPY,etf,R,50000
E003858,2026-09-26 14:53:00,M12,NVDA,equity,R,25000
E003859,2026-09-05 11:39:00,M12,QQQ,etf,R,10000
E003860,2026-09-14 11:01:00,M12,SPY,etf,A,10000
E003861,2026-09-02 10:51:00,M12,AAPL,equity,A,10000
E003862,2026-09-19 14:56:00,M12,MSFT,equity,A,50000
E003863,2026-09-21 15:56:00,M12,MSFT,equity,R,10000
E003864,2026-09-28 11:04:00,M12,NVDA,equity,A,10000
E003865,2026-09-16 09:33:00,M12,NVDA,equity,A,25000
E003866,2026-09-18 14:11:00,M12,JPM,equity,R,50000
E003867,2026-09-10 15:33:00,M12,NVDA,equity,R,25000
E003868,2026-09-19 13:45:00,M12,JPM,equity,R,25000
E003869,2026-09-08 12:28:00,M12,SPY,etf,R,25000
E003870,2026-09-10 14:26:00,M12,SPY,etf,A,25000
E003871,2026-09-12 15:32:00,M12,MSFT,equity,R,10000
E003872,2026-09-12 11:13:00,M12,MSFT,equity,R,50000
E003873,2026-09-07 15:52:00,M12,QQQ,etf,A,10000
E003874,2026-09-24 10:12:00,M12,AAPL,equity,R,50000
E003875,2026-09-20 10:56:00,M12,MSFT,equity,R,10000
E003876,2026-09-10 13:05:00,M12,SPY,etf,A,10000
E003877,2026-09-03 13:15:00,M12,AAPL,equity,R,50000
E003878,2026-09-07 14:35:00,M12,MSFT,equity,R,25000
E003879,2026-09-06 15:30:00,M12,QQQ,etf,R,10000
E003880,2026-09-22 12:11:00,M12,AAPL,equity,R,50000
E003881,2026-09-15 11:16:00,M12,JPM,equity,R,25000
E003882,2026-09-21 11:30:00,M12,QQQ,etf,A,25000
E003883,2026-09-02 11:09:00,M12,QQQ,etf,R,10000
E003884,2026-09-24 12:24:00,M12,SPY,etf,R,50000
E003885,2026-09-24 09:25:00,M12,MSFT,equity,A,50000
E003886,2026-09-15 09:41:00,M12,SPY,etf,R,10000
E003887,2026-09-22 10:12:00,M12,JPM,equity,R,10000
E003888,2026-09-07 13:41:00,M12,SPY,etf,R,50000
E003889,2026-09-11 10:11:00,M12,AAPL,equity,A,10000
E003890,2026-09-07 14:26:00,M12,QQQ,etf,R,50000
E003891,2026-09-14 15:20:00,M12,SPY,etf,R,10000
E003892,2026-09-21 11:15:00,M12,AAPL,equity,R,50000
E003893,2026-09-06 11:41:00,M12,MSFT,equity,A,10000
E003894,2026-09-28 13:13:00,M12,QQQ,etf,A,10000
E003895,2026-09-14 09:31:00,M12,NVDA,equity,R,25000
E003896,2026-09-24 12:14:00,M12,SPY,etf,A,25000
E003897,2026-09-08 09:36:00,M12,NVDA,equity,A,25000
E003898,2026-09-26 15:31:00,M12,QQQ,etf,R,25000
E003899,2026-09-06 12:38:00,M12,AAPL,equity,R,50000
E003900,2026-09-01 10:36:00,M12,JPM,equity,A,50000
E003901,2026-09-02 11:15:00,M12,MSFT,equity,R,10000
E003902,2026-09-25 13:58:00,M12,JPM,equity,R,50000
E003903,2026-09-16 14:57:00,M12,MSFT,equity,R,10000
E003904,2026-09-18 13:15:00,M12,QQQ,etf,A,10000
E003905,2026-09-25 09:08:00,M12,SPY,etf,R,10000
E003906,2026-09-26 14:55:00,M12,SPY,etf,A,25000
E003907,2026-09-02 09:16:00,M12,MSFT,equity,R,10000
E003908,2026-09-26 14:56:00,M12,QQQ,etf,R,25000
E003909,2026-09-28 13:28:00,M12,QQQ,etf,A,50000
E003910,2026-09-24 14:45:00,M12,SPY,etf,R,10000
E003911,2026-09-12 10:15:00,M12,QQQ,etf,R,50000
E003912,2026-09-26 15:59:00,M12,AAPL,equity,R,25000
E003913,2026-09-01 11:19:00,M12,MSFT,equity,A,10000
E003914,2026-09-03 15:36:00,M12,SPY,etf,R,25000
E003915,2026-09-04 12:04:00,M12,NVDA,equity,A,50000
E003916,2026-09-28 14:36:00,M12,MSFT,equity,R,10000
E003917,2026-09-25 10:41:00,M12,AAPL,equity,R,10000
E003918,2026-09-24 11:42:00,M12,QQQ,etf,A,50000
E003919,2026-09-16 11:41:00,M12,MSFT,equity,R,25000
E003920,2026-09-02 13:52:00,M12,MSFT,equity,A,50000
E003921,2026-09-14 12:05:00,M12,QQQ,etf,A,10000
E003922,2026-09-03 13:07:00,M12,JPM,equity,A,50000
E003923,2026-09-05 14:09:00,M12,SPY,etf,A,10000
E003924,2026-09-28 14:59:00,M12,AAPL,equity,R,10000
E003925,2026-09-15 15:42:00,M12,JPM,equity,A,25000
E003926,2026-09-25 14:43:00,M12,QQQ,etf,A,10000
E003927,2026-09-13 09:08:00,M12,JPM,equity,R,10000
E003928,2026-09-20 14:02:00,M12,AAPL,equity,R,10000
E003929,2026-09-22 14:59:00,M12,NVDA,equity,R,50000
E003930,2026-09-07 13:47:00,M12,MSFT,equity,R,25000
E003931,2026-09-19 10:27:00,M12,NVDA,equity,A,10000
E003932,2026-09-01 14:11:00,M12,QQQ,etf,R,10000
E003933,2026-09-25 13:06:00,M12,NVDA,equity,A,50000
E003934,2026-09-04 09:18:00,M12,MSFT,equity,A,25000
E003935,2026-09-13 14:33:00,M12,SPY,etf,A,50000
E003936,2026-09-19 14:20:00,M12,AAPL,equity,R,25000
E003937,2026-09-10 12:08:00,M12,QQQ,etf,A,10000
E003938,2026-09-23 15:23:00,M12,MSFT,equity,R,50000
E003939,2026-09-13 15:50:00,M12,SPY,etf,A,25000
E003940,2026-09-21 09:51:00,M12,SPY,etf,R,50000
E003941,2026-09-19 13:22:00,M12,SPY,etf,A,50000
E003942,2026-09-16 15:01:00,M12,QQQ,etf,R,50000
E003943,2026-09-04 10:17:00,M12,JPM,equity,A,10000
E003944,2026-09-11 13:23:00,M12,QQQ,etf,A,25000
E003945,2026-09-28 09:16:00,M12,MSFT,equity,R,10000
E003946,2026-09-01 10:30:00,M12,MSFT,equity,R,50000
E003947,2026-09-12 13:10:00,M12,AAPL,equity,R,25000
E003948,2026-09-09 09:10:00,M12,JPM,equity,R,50000
E003949,2026-09-24 14:05:00,M12,JPM,equity,R,10000
E003950,2026-09-14 10:08:00,M12,AAPL,equity,A,50000
E003951,2026-09-21 09:21:00,M12,QQQ,etf,A,25000
E003952,2026-09-21 14:00:00,M12,SPY,etf,A,10000
E003953,2026-09-02 10:03:00,M12,NVDA,equity,A,50000
E003954,2026-09-13 12:36:00,M12,NVDA,equity,R,50000
E003955,2026-09-12 12:57:00,M12,JPM,equity,R,50000
E003956,2026-09-12 12:37:00,M12,AAPL,equity,R,50000
E003957,2026-09-10 12:53:00,M12,NVDA,equity,A,25000
E003958,2026-09-16 15:06:00,M12,NVDA,equity,A,10000
E003959,2026-09-14 09:07:00,M12,JPM,equity,A,25000
E003960,2026-09-26 15:32:00,M12,AAPL,equity,A,10000
E003961,2026-09-26 14:50:00,M12,AAPL,equity,R,10000
E003962,2026-09-15 12:17:00,M12,AAPL,equity,R,10000
E003963,2026-09-06 12:33:00,M12,JPM,equity,A,10000
E003964,2026-09-04 15:46:00,M12,QQQ,etf,R,10000
E003965,2026-09-05 13:01:00,M12,AAPL,equity,R,25000
E003966,2026-09-23 09:29:00,M12,NVDA,equity,A,10000
E003967,2026-09-14 12:06:00,M12,AAPL,equity,A,50000
E003968,2026-09-08 11:05:00,M12,SPY,etf,R,25000
E003969,2026-09-17 11:31:00,M12,NVDA,equity,A,25000
E003970,2026-09-04 14:12:00,M12,MSFT,equity,A,25000
E003971,2026-09-06 11:34:00,M12,JPM,equity,R,50000
E003972,2026-09-15 12:45:00,M12,NVDA,equity,R,50000
E003973,2026-09-01 10:07:00,M12,JPM,equity,R,25000
E003974,2026-09-22 15:55:00,M12,MSFT,equity,R,25000
E003975,2026-09-06 15:51:00,M12,JPM,equity,R,50000
E003976,2026-09-27 12:56:00,M12,NVDA,equity,A,25000
E003977,2026-09-12 13:04:00,M12,AAPL,equity,R,10000
E003978,2026-09-28 12:01:00,M12,SPY,etf,A,10000
E003979,2026-09-14 12:06:00,M12,JPM,equity,A,25000
E003980,2026-09-19 09:48:00,M12,SPY,etf,A,25000
E003981,2026-09-15 13:31:00,M12,AAPL,equity,R,10000
E003982,2026-09-02 09:47:00,M12,NVDA,equity,R,10000
E003983,2026-09-18 15:35:00,M12,MSFT,equity,A,50000
E003984,2026-09-25 14:54:00,M12,QQQ,etf,R,50000
E003985,2026-09-19 09:20:00,M12,NVDA,equity,A,50000
E003986,2026-09-11 15:11:00,M12,AAPL,equity,A,50000
E003987,2026-09-17 09:51:00,M12,QQQ,etf,R,50000
E003988,2026-09-27 12:59:00,M12,QQQ,etf,R,50000
E003989,2026-09-16 14:14:00,M12,QQQ,etf,R,50000
E003990,2026-09-19 12:43:00,M12,JPM,equity,A,10000
E003991,2026-09-20 13:47:00,M12,JPM,equity,A,25000
E003992,2026-09-04 10:13:00,M12,JPM,equity,R,25000
E003993,2026-09-16 13:17:00,M12,JPM,equity,A,10000
E003994,2026-09-14 10:13:00,M12,NVDA,equity,R,10000
E003995,2026-09-19 13:18:00,M12,SPY,etf,R,50000
E003996,2026-09-15 15:00:00,M12,QQQ,etf,A,10000
E003997,2026-09-14 15:42:00,M12,MSFT,equity,A,25000
E003998,2026-09-02 13:29:00,M12,JPM,equity,R,10000
E003999,2026-09-04 09:26:00,M12,MSFT,equity,A,50000
E004000,2026-09-22 14:01:00,M12,SPY,etf,R,10000
E004001,2026-09-09 09:54:00,M12,SPY,etf,R,50000
E004002,2026-09-08 11:43:00,M12,AAPL,equity,R,50000
E004003,2026-09-17 13:32:00,M12,QQQ,etf,R,50000
E004004,2026-09-05 09:05:00,M12,JPM,equity,R,50000
E004005,2026-09-27 13:32:00,M12,SPY,etf,R,10000
E004006,2026-09-17 09:52:00,M12,SPY,etf,R,25000
E004007,2026-09-13 11:19:00,M12,QQQ,etf,R,10000
E004008,2026-09-15 11:33:00,M12,AAPL,equity,R,10000
E004009,2026-09-15 13:23:00,M12,QQQ,etf,R,10000
E004010,2026-09-06 09:51:00,M12,QQQ,etf,A,10000
E004011,2026-09-14 12:20:00,M12,AAPL,equity,R,50000
E004012,2026-09-27 10:24:00,M12,MSFT,equity,R,10000
E004013,2026-09-13 09:48:00,M12,QQQ,etf,R,25000
E004014,2026-09-17 12:43:00,M12,MSFT,equity,R,10000
E004015,2026-09-20 14:27:00,M12,MSFT,equity,R,25000
E004016,2026-09-15 14:48:00,M12,MSFT,equity,A,50000
E004017,2026-09-22 14:03:00,M12,JPM,equity,A,50000
E004018,2026-09-08 14:07:00,M12,NVDA,equity,A,50000
E004019,2026-09-14 09:22:00,M12,QQQ,etf,R,10000
E004020,2026-09-21 10:11:00,M12,QQQ,etf,R,25000
E004021,2026-09-18 13:14:00,M12,SPY,etf,A,50000
E004022,2026-09-04 15:59:00,M12,NVDA,equity,R,25000
E004023,2026-09-21 12:11:00,M12,SPY,etf,A,50000
E004024,2026-09-14 14:40:00,M12,QQQ,etf,A,10000
E004025,2026-09-13 13:15:00,M12,JPM,equity,R,50000
E004026,2026-09-01 11:28:00,M12,JPM,equity,R,50000
E004027,2026-09-15 09:09:00,M12,AAPL,equity,R,10000
E004028,2026-09-05 10:59:00,M12,JPM,equity,A,10000
E004029,2026-09-14 11:34:00,M12,SPY,etf,R,10000
E004030,2026-09-19 15:49:00,M12,QQQ,etf,A,10000
E004031,2026-09-18 14:32:00,M12,JPM,equity,A,50000
E004032,2026-09-05 11:25:00,M12,JPM,equity,R,10000
E004033,2026-09-20 13:04:00,M12,JPM,equity,R,50000
E004034,2026-09-03 11:04:00,M12,AAPL,equity,A,50000
E004035,2026-09-25 14:15:00,M12,QQQ,etf,A,10000
E004036,2026-09-27 10:52:00,M12,SPY,etf,R,50000
E004037,2026-09-04 10:13:00,M12,JPM,equity,R,50000
E004038,2026-09-11 10:15:00,M12,AAPL,equity,A,25000
E004039,2026-09-18 13:06:00,M12,NVDA,equity,R,25000
E004040,2026-09-06 11:58:00,M12,AAPL,equity,R,50000
E004041,2026-09-05 11:07:00,M12,JPM,equity,R,25000
E004042,2026-09-21 09:55:00,M12,NVDA,equity,A,25000
E004043,2026-09-01 15:36:00,M12,NVDA,equity,R,25000
E004044,2026-09-25 14:30:00,M12,JPM,equity,R,10000
E004045,2026-09-25 13:08:00,M12,AAPL,equity,R,50000
E004046,2026-09-19 15:34:00,M12,QQQ,etf,R,50000
E004047,2026-09-24 09:55:00,M12,QQQ,etf,R,30000
E004048,2026-09-09 09:28:00,M12,MSFT,option,A,59
E004049,2026-09-08 15:20:00,M12,AAPL,option,R,413
E004050,2026-09-13 11:34:00,M12,JPM,option,R,330
E004051,2026-09-19 12:44:00,M12,MSFT,option,R,367
E004052,2026-09-17 12:36:00,M12,JPM,option,A,169
E004053,2026-09-11 13:16:00,M12,AAPL,option,R,177
E004054,2026-09-04 13:08:00,M12,AAPL,option,R,66
E004055,2026-09-28 14:49:00,M12,MSFT,option,R,39
E004056,2026-09-23 12:56:00,M12,NVDA,option,R,136
E004057,2026-09-03 12:05:00,M12,NVDA,option,R,68
E004058,2026-09-27 13:34:00,M12,AAPL,option,R,126
E004059,2026-09-14 11:15:00,M12,JPM,option,R,116
E004060,2026-09-17 13:16:00,M12,MSFT,option,A,61
